product_code,current_stock
10001,0
10002,0
10003,0
10004,2
10005,1
10006,0
10007,0
10008,4
10009,0
10010,1
10011,9
10012,0
10013,11
10014,0
10015,0
10016,0
10017,0
10018,0
10019,10
10020,0
10021,16
10022,0
10023,0
10024,0
10025,0
10026,0
10027,0
10028,0
10029,0
10031,0
10032,17
10033,0
10034,18
10035,0
10036,0
10037,0
10038,3
10039,0
10040,0
10041,6
10042,0
10043,6
10044,0
10045,0
10046,0
10047,0
10048,6
10049,1
10050,5
100500,0
100501,0
100502,0
100503,0
100504,0
100505,0
100506,0
100507,0
100508,0
100509,0
10051,6
100510,0
100511,0
100512,0
100514,0
100515,0
100516,0
10052,2
100522,0
100524,0
10053,10
100531,0
100532,0
100539,0
10054,4
100540,0
100541,0
100542,0
100543,0
100544,0
100545,0
100546,0
100547,0
100548,0
100549,0
10055,0
100550,0
100551,0
100552,0
100553,0
10056,5
100560,0
100561,0
100562,0
100563,0
100564,0
100565,0
100566,0
10057,16
100570,0
100571,0
100572,0
100577,0
100578,0
100579,0
10058,10
10059,3
10060,0
10061,6
10062,0
10063,0
10064,20
10065,0
10066,0
10067,0
10068,0
10069,1
10070,0
10071,11
10072,0
10073,0
10074,0
10075,0
10076,0
10077,12
10078,12
10079,0
10080,0
10081,0
10082,0
10083,24
10084,5
10085,16
10086,23
10087,9
10088,0
10089,0
10090,0
10091,0
10092,0
10093,0
10094,0
10095,0
10096,0
10097,0
10098,6
10099,2
10100,5
10101,4
10102,5
10103,0
10104,0
10105,0
10106,0
10107,0
10108,0
10109,0
10110,0
10111,0
10112,15
10113,0
10114,0
10115,0
10116,0
10117,0
10118,8
10119,0
10120,0
10121,0
10122,0
10123,0
10124,0
10125,0
10126,0
10127,0
10128,0
10129,0
10130,0
10131,0
10132,0
10133,0
10134,0
10135,0
10136,0
10137,0
10138,0
10139,0
10140,0
10141,0
10142,0
10143,0
10144,0
10145,1
10146,0
10147,0
10148,0
10149,0
10150,0
10151,0
10152,0
10153,0
10154,0
10155,0
10156,6
10157,17
10158,12
10159,11
10160,0
10161,0
10162,27
10163,12
10164,6
10165,16
10166,0
10167,80
10168,0
10169,0
10170,0
10171,24
10172,12
10173,0
10174,0
10175,0
10176,0
10177,0
10178,0
10179,0
10180,229
10181,24
10182,28
10183,0
10184,0
10185,6
10186,0
10187,0
10188,27
10189,0
10190,0
10191,6
10192,5
10193,4
10194,8
10195,12
10196,0
10197,0
10198,25
10199,0
10200,0
10201,0
10202,0
10203,0
10204,0
10205,7
10206,0
10207,0
10208,0
10209,0
10210,0
10211,0
10212,0
10213,0
10214,0
10215,0
10216,0
10217,0
10218,0
10219,0
10220,0
10221,0
10222,105
10223,0
10224,0
10225,0
10226,0
10227,0
10228,0
10229,0
10230,0
10231,0
10232,0
10233,0
10234,0
10235,0
10236,0
10237,0
10238,0
10239,0
10240,0
10241,0
10242,0
10243,0
10244,0
10245,0
10246,8
10247,8
10248,5
10249,0
10250,0
10251,0
10252,0
10253,20
10254,38
10255,0
10256,93
10257,0
10258,0
10259,0
10260,0
10261,0
10262,0
10263,0
10264,0
10265,4
10266,0
10267,0
10268,0
10269,0
10270,12
10271,0
10272,0
10273,0
10274,2
10275,0
10276,0
10277,12
10278,0
10279,0
10280,0
10281,0
10282,0
10283,0
10284,0
10285,0
10286,0
10287,0
10288,0
10289,0
10290,0
10291,0
10292,0
10293,0
10294,19
10295,0
10296,0
10297,0
10298,0
10299,0
10300,0
10301,0
10302,0
10303,0
10304,8
10305,0
10306,0
10307,0
10308,0
10309,0
10310,0
10311,0
10312,0
10313,0
10314,0
10315,0
10316,0
10317,0
10318,0
10319,0
10320,0
10321,0
10322,0
10323,0
10324,0
10325,0
10326,6
10327,6
10328,0
10329,0
10330,0
10331,0
10332,0
10333,0
10334,0
10335,0
10336,0
10337,5
10338,13
10339,0
10340,0
10341,0
10342,0
10343,0
10344,0
10345,0
10346,0
10347,11
10348,11
10349,0
10350,0
10351,36
10352,0
10353,0
10354,0
10355,113
10356,0
10357,0
10358,0
10359,0
10360,0
10361,0
10362,0
10363,2
10364,12
10365,0
10366,0
10367,0
10368,18
10369,71
10370,8
10371,17
10372,0
10373,0
10374,0
10375,0
10376,0
10377,0
10378,0
10379,0
10380,0
10381,0
10382,0
10383,0
10384,0
10385,0
10386,0
10387,13
10388,0
10389,0
10390,0
10391,0
10392,0
10393,0
10394,0
10395,0
10396,0
10397,0
10398,0
10399,0
10400,0
10401,0
10402,0
10403,0
10404,0
10405,0
10406,0
10407,0
10408,0
10409,0
10410,0
10411,7
10412,0
10414,0
10415,0
10416,0
10417,0
10418,0
10419,0
10420,0
10421,0
10422,0
10423,0
10424,0
10425,0
10426,0
10427,0
10428,0
10429,0
10430,6
10431,0
10432,0
10433,0
10434,0
10435,5
10436,6
10437,0
10438,0
10439,0
10440,0
10441,0
10442,0
10443,0
10444,6
10445,0
10446,0
10447,11
10448,0
10449,0
10450,0
10451,0
10452,0
10453,0
10454,0
10455,0
10456,0
10457,0
10458,0
10459,0
10460,0
10461,0
10462,0
10463,0
10464,0
10465,0
10466,0
10467,0
10468,0
10469,0
10470,0
10471,0
10472,0
10473,0
10474,0
10475,11
10476,11
10477,0
10478,0
10479,0
10480,0
10481,0
10482,0
10483,0
10484,0
10485,0
10486,0
10487,0
10488,0
10489,0
10490,3
10491,0
10492,0
10493,0
10494,0
10495,0
10496,0
10497,0
10498,0
10499,0
10500,0
10501,0
10502,0
10503,0
10504,0
10505,0
10506,0
10507,0
10508,0
10509,0
10510,0
10511,0
10512,0
10513,0
10514,0
10515,0
10516,0
10517,0
10518,0
10519,0
10520,0
10521,14
10522,18
10523,0
10524,0
10525,0
10526,0
10527,0
10528,0
10529,0
10530,0
10531,0
10532,13
10533,27
10534,31
10535,62
10536,0
10537,0
10538,0
10539,0
10540,0
10541,0
10542,0
10543,9
10544,0
10545,0
10546,0
10547,0
10548,0
10549,0
10550,0
10551,0
10552,0
10553,12
10554,3
10556,0
10557,0
10558,0
10559,0
10560,0
10561,0
10562,14
10563,0
10564,0
10565,0
10566,0
10567,0
10568,0
10569,0
10570,0
10571,0
10572,0
10573,0
10574,0
10575,0
10576,0
10577,0
10578,0
10579,0
10580,0
10581,0
10582,0
10583,0
10584,0
10585,0
10586,0
10587,0
10588,0
10589,0
10590,0
10591,0
10592,0
10593,0
10594,0
10595,0
10596,0
10597,0
10598,0
10599,0
10600,0
10601,0
10602,0
10603,0
10604,0
10605,0
10606,0
10607,0
10608,0
10609,0
10610,0
10611,0
10612,0
10613,0
10614,0
10615,0
10616,0
10617,0
10618,0
10619,0
10620,0
10621,0
10622,0
10623,0
10624,0
10625,0
10626,0
10627,0
10628,0
10629,0
10630,0
10631,0
10632,0
10633,0
10634,0
10635,3
10636,0
10637,0
10638,0
10639,0
10640,8
10641,0
10642,0
10643,0
10644,0
10645,0
10646,0
10647,0
10648,0
10649,0
10650,0
10651,0
10652,0
10653,0
10654,0
10655,0
10656,0
10657,0
10658,0
10659,0
10660,0
10661,0
10662,0
10663,0
10664,0
10665,0
10666,0
10667,0
10668,0
10669,0
10670,0
10671,0
10672,0
10673,0
10674,0
10675,0
10676,0
10677,0
10678,0
10679,0
10680,0
10681,0
10682,0
10683,0
10684,0
10685,0
10686,13
10687,35
10688,7
10689,0
10690,0
10691,22
10692,0
10693,0
10694,0
10695,0
10696,0
10697,0
10699,0
10700,0
10701,0
10702,0
10703,0
10704,0
10705,0
10706,1
10707,0
10708,7
10709,0
10710,3
10711,0
10712,0
10713,0
10714,0
10715,0
10716,0
10717,0
10718,0
10719,0
10720,0
10721,0
10722,7
10723,11
10724,0
10725,0
10726,0
10727,0
10728,0
10729,0
10730,0
10731,0
10801,0
10802,0
10803,0
10804,0
10805,0
10806,0
10807,8
10808,0
10809,0
10810,10
10811,52
10812,0
10813,0
10814,0
10815,0
10816,0
10817,0
10818,0
10819,0
10820,0
10821,0
10822,0
10823,0
10824,0
10825,0
10826,0
10827,0
10828,7
10829,8
10830,0
10831,0
10832,0
10833,9
10834,11
10835,0
10836,0
10837,0
10838,0
10839,0
10840,0
10841,0
10842,1
10843,60
10844,0
10845,8
10846,11
10847,0
10848,5
10849,1
10850,9
10851,2
10852,0
10853,0
10854,0
10855,0
10856,17
10857,0
10858,0
10859,0
10860,0
10861,0
10862,0
10863,0
10864,0
10865,0
10866,4
10867,0
10868,0
10869,0
10870,0
10871,6
10872,0
10873,0
10874,0
10875,0
10876,0
10877,6
10878,7
10879,0
10880,0
10881,0
10882,8
10883,0
10884,0
10885,0
10886,4
10887,0
10888,0
10889,9
10890,0
10891,0
10892,0
10893,0
10894,14
10895,0
10896,0
10897,17
10898,0
10899,0
10900,0
10901,0
10902,0
10903,0
10904,14
10905,11
10906,0
10907,0
10908,0
10909,0
10910,0
10911,0
10912,0
10913,0
10914,0
10915,0
10916,0
10917,0
10918,0
10919,0
10920,0
10921,0
10922,7
10923,0
10924,10
10925,0
10926,0
10927,0
10928,0
10929,0
10930,0
10931,0
10932,0
10933,0
10934,0
10935,0
10936,0
10937,0
10938,0
10939,0
10940,0
10941,0
10942,0
10943,0
10944,0
10945,0
10946,0
10947,0
10948,0
10949,0
10950,0
10951,11
10952,0
10953,0
10954,0
10955,0
10956,0
10957,0
10958,0
10959,0
10960,0
10961,0
10962,0
10963,0
10964,0
10965,0
10966,0
10967,0
10968,0
10969,0
10970,0
10971,0
10972,0
10973,0
10974,0
10975,0
10976,0
10977,0
10978,0
10979,0
10980,0
10981,0
10982,0
10983,0
10984,0
10985,0
10986,0
10987,0
10988,0
10989,0
10990,5
10991,2
10992,0
10993,27
10994,26
10995,18
10996,0
10997,15
10998,3
10999,13
11000,0
11001,9
11002,0
11003,0
11004,0
11005,0
11006,0
11007,0
11008,0
11009,0
11010,0
11011,0
11012,0
11013,0
11014,0
11015,0
11016,0
11017,6
11018,0
11019,0
11020,0
11021,0
11022,0
11023,0
11024,0
11025,0
11026,0
11027,0
11028,0
11029,4
11030,1
11031,0
11032,0
11033,0
11034,0
11035,0
11036,0
11037,0
11038,0
11039,1
11040,0
11041,0
11042,0
11043,0
11044,13
11045,0
11046,0
11047,0
11048,0
11049,0
11050,0
11051,12
11052,0
11053,0
11054,0
11055,0
11056,6
11057,0
11058,0
11059,0
11060,0
11061,0
11062,0
11063,0
11064,0
11065,0
11066,0
11067,5
11068,0
11069,0
11070,0
11071,0
11072,8
11073,0
11074,0
11075,0
11076,0
11077,0
11078,0
11079,0
11080,0
11081,0
11082,0
11083,0
11084,0
11085,0
11086,0
11087,0
11088,0
11089,0
11090,0
11091,0
11092,0
11093,0
11094,0
11095,0
11096,0
11097,0
11098,27
11099,0
11100,13
11101,0
11102,0
11103,11
11104,0
11105,7
11106,0
11107,10
11108,0
11109,0
11110,0
11111,0
11112,0
11113,0
11114,0
11115,0
11116,0
11117,0
11118,0
11119,0
11120,0
11121,0
11122,0
11123,0
11124,0
11125,0
11126,0
11127,0
11128,0
11129,2
11130,0
11131,0
11132,0
11133,0
11134,0
11135,0
11136,0
11137,0
11138,4
11139,0
11140,5
11141,4
11142,4
11143,7
11144,0
11145,0
11146,0
11147,0
11148,0
11149,0
11150,0
11151,0
11152,0
11153,0
11154,0
11155,0
11156,0
11157,0
11158,0
11159,0
11160,0
11161,0
11162,9
11163,0
11164,0
11165,0
11166,0
11167,0
11168,0
11169,0
11170,0
11171,0
11172,0
11173,15
11174,0
11175,19
11176,8
11177,0
11178,16
11179,0
11180,16
11181,0
11182,0
11183,0
11184,0
11185,0
11186,0
11187,8
11188,0
11189,0
11190,0
11191,12
11192,0
11193,14
11194,18
11195,0
11196,0
11197,0
11198,0
11199,6
11200,6
11201,0
11202,0
11203,0
11204,0
11205,7
11206,14
11207,0
11208,0
11209,0
11210,0
11211,0
11212,0
11213,1
11214,0
11215,6
11216,6
11217,5
11218,3
11219,2
11220,11
11221,0
11222,14
11223,0
11224,0
11225,0
11226,0
11227,0
11228,0
11229,0
11230,0
11231,0
11232,0
11233,0
11234,0
11235,0
11236,0
11237,16
11238,0
11239,0
11240,0
11241,0
11242,0
11243,0
11244,0
11245,0
11246,0
11247,0
11248,0
11249,0
11250,0
11251,0
11252,4
11253,0
11254,0
11255,0
11256,0
11257,0
11258,1
11259,0
11260,0
11261,0
11262,0
11263,-1
11264,0
11265,0
11266,0
11267,0
11268,0
11269,0
11270,0
11271,0
11272,14
11273,0
11274,0
11275,0
11276,0
11278,0
11279,0
11280,0
11281,4
11282,0
11283,0
11284,0
11285,0
11286,0
11287,0
11288,0
11289,1
11290,0
11291,0
11292,7
11293,10
11294,12
11295,0
11296,0
11297,0
11298,35
11299,76
11300,3
11301,0
11302,0
11303,0
11304,0
11305,0
11306,0
11307,0
11308,0
11309,0
11310,33
11311,82
11312,0
11313,0
11314,0
11315,0
11316,0
11317,13
11318,28
11319,0
11320,0
11321,11
11322,0
11323,0
11324,0
11325,0
11326,0
11327,0
11328,0
11329,0
11330,0
11331,0
11332,6
11333,0
11334,0
11335,0
11336,3
11337,0
11338,0
11339,0
11340,0
11341,11
11342,0
11343,1
11344,0
11345,0
11346,0
11347,0
11349,0
11350,0
11351,0
11352,0
11353,0
11354,33
11355,0
11356,0
11357,0
11358,0
11359,0
11360,0
11361,0
11362,0
11363,0
11364,0
11365,0
11366,0
11367,0
11368,0
11369,0
11370,0
11371,0
11372,0
11373,11
11374,18
11375,0
11376,12
11377,22
11378,0
11379,0
11380,0
11381,0
11382,0
11383,0
11384,0
11385,6
11386,0
11387,0
11388,0
11389,11
11390,0
11391,0
11392,0
11393,0
11394,0
11395,0
11396,0
11397,5
11398,0
11399,0
11400,0
11401,0
11402,0
11403,0
11404,0
11405,17
11406,25
11407,0
11408,0
11409,0
11410,7
11411,20
11412,0
11413,0
11414,8
11415,1
11416,0
11417,0
11418,18
11419,0
11420,0
11421,11
11422,22
11423,0
11424,0
11425,8
11426,3
11427,0
11428,0
11429,0
11430,0
11431,1
11432,0
11433,11
11434,4
11435,0
11436,0
11437,0
11438,0
11439,19
11440,0
11441,0
11442,0
11443,0
11444,0
11445,0
11446,0
11447,0
11448,0
11449,0
11450,0
11451,0
11452,0
11453,0
11454,0
11455,0
11456,0
11457,0
11458,0
11459,0
11460,0
11461,5
11462,0
11463,0
11464,0
11465,0
11466,36
11467,0
11468,0
11469,0
11470,0
11471,0
11472,0
11473,0
11474,0
11475,0
11476,0
11477,0
11478,0
11479,7
11480,9
11481,0
11482,5
11483,0
11484,0
11485,0
11486,0
11487,0
11488,0
11489,0
11490,0
11491,0
11492,0
11493,0
11494,0
11495,0
11496,0
11497,0
11498,0
11499,0
11500,0
11501,0
11502,0
11503,0
11504,0
11505,0
11506,0
11507,0
11508,0
11509,0
11510,0
11511,3
11512,16
11513,7
11514,17
11515,6
11516,8
11517,0
11518,0
11519,0
11520,0
11521,0
11522,0
11523,0
11524,0
11525,0
11526,4
11527,0
11528,0
11529,0
11530,0
11531,0
11532,0
11533,0
11534,0
11535,0
11536,0
11537,0
11538,0
11539,7
11540,5
11541,0
11542,0
11543,0
11544,0
11545,0
11546,0
11547,0
11548,0
11549,0
11550,0
11551,6
11552,6
11553,0
11554,0
11555,0
11556,0
11557,9
11558,3
11559,5
11560,7
11561,0
11562,0
11563,0
11564,0
11565,0
11566,0
11567,0
11568,0
11569,0
11570,0
11571,0
11572,0
11573,0
11574,0
11575,0
11576,0
11577,0
11578,0
11579,0
11580,0
11581,0
11582,0
11583,0
11584,0
11585,14
11586,0
11587,0
11588,0
11589,0
11590,0
11591,0
11592,0
11593,0
11594,0
11595,0
11596,0
11597,0
11598,0
11599,0
11600,0
11601,0
11602,0
11603,0
11604,0
11605,0
11606,0
11607,0
11608,0
11609,0
11610,0
11611,0
11612,0
11613,0
11614,0
11615,0
11616,0
11617,0
11618,0
11619,1
11620,0
11621,0
11622,0
11623,0
11624,0
11625,0
11626,0
11627,0
11628,0
11629,0
11630,0
11631,0
11632,0
11633,0
11634,0
11635,0
11636,0
11637,0
11638,0
11639,0
11640,0
11641,0
11642,0
11643,0
11644,0
11645,0
11646,0
11647,0
11648,0
11649,0
11650,0
11651,0
11652,0
11653,0
11654,0
11655,19
11656,0
11657,0
11658,0
11659,0
11660,0
11661,0
11662,0
11663,0
11664,0
11665,0
11666,0
11667,0
11668,0
11669,11
11670,0
11671,0
11672,0
11673,0
11674,0
11675,0
11676,0
11677,0
11678,0
11679,0
11680,0
11681,0
11682,0
11683,0
11684,0
11685,0
11686,0
11687,22
11688,0
11689,0
11690,0
11691,0
11692,0
11693,0
11694,0
11695,0
11696,0
11697,0
11698,0
11699,25
11700,19
11701,12
11702,0
11703,0
11704,0
11705,25
11706,18
11707,0
11708,0
11709,0
11710,0
11711,0
11712,0
11713,0
11714,0
11715,12
11716,17
11717,15
11718,16
11719,18
11720,0
11721,0
11722,0
11723,0
11724,7
11725,0
11726,15
11727,0
11728,8
11729,1
11730,0
11731,0
11732,0
11733,0
11734,0
11735,0
11736,0
11737,0
11738,0
11739,0
11740,0
11741,0
11742,0
11743,0
11744,0
11745,0
11746,0
11747,0
11748,0
11749,0
11750,0
11751,0
11753,0
11754,0
11755,0
11756,0
11757,0
11759,0
11760,0
11761,14
11762,0
11763,0
11764,16
11765,36
11766,3
11767,0
11768,0
11769,0
11770,0
11771,0
11772,0
11773,0
11774,0
11775,0
11776,0
11777,0
11778,0
11779,0
11780,0
11781,0
11782,12
11783,0
11784,0
11786,10
11787,106
11788,0
11789,0
11790,0
11791,0
11792,0
11793,0
11794,0
11795,0
11796,0
11797,0
11798,0
11799,0
11801,27
11802,0
11804,0
11805,0
11806,0
11807,0
11808,0
11809,0
11810,0
11811,25
11812,0
11813,0
11814,0
11815,0
11816,0
11818,0
11819,0
11820,0
11821,0
11822,0
11823,0
11824,0
11825,0
11826,0
11827,0
11828,0
11829,0
11830,0
11831,0
11832,0
11833,0
11834,0
11835,0
11836,0
11837,0
11838,0
11839,0
11840,0
11841,0
11842,0
11843,0
11844,0
11845,0
11846,0
11847,0
11848,0
11849,0
11850,0
11851,0
11852,0
11853,0
11854,0
11855,0
11856,0
11857,1
11858,12
11859,21
11860,5
11861,0
11862,8
11863,0
11864,0
11865,0
11866,0
11867,0
11868,0
11870,0
11871,0
11872,0
11873,0
11882,0
11883,0
11884,0
11887,0
11889,0
11890,0
11891,0
11892,0
11893,0
11894,12
11895,15
11896,0
11897,0
11898,0
11900,0
11901,0
11902,0
11903,0
11904,6
11905,24
11906,0
11907,10
11910,0
11911,0
11912,0
11913,0
11914,0
11915,0
11916,0
11917,0
11918,0
11919,0
11920,0
11921,0
11922,0
11923,0
11924,0
11925,0
11926,0
11927,0
11928,0
11929,17
11930,0
11931,11
11932,0
11933,3
11934,0
11935,0
11936,0
11937,0
11938,2
11939,0
11940,0
11941,0
11942,0
11943,0
11944,0
11945,0
11946,0
11947,0
11948,0
11949,0
11950,0
11951,0
11952,0
11953,0
11954,20
11955,0
11956,0
11958,0
11959,0
11960,0
11961,0
11962,0
11963,0
11964,0
11965,0
11966,0
11967,0
11968,0
11969,0
11970,0
11971,0
11972,0
11973,14
11974,12
11975,0
11976,0
11977,0
11978,5
11979,5
11982,0
11983,0
11984,9
11985,0
11986,0
11987,0
11988,0
11990,0
11991,0
11992,0
11993,0
11994,0
11995,0
11996,0
11997,0
11998,0
11999,0
12000,0
12001,0
12002,0
12003,0
12004,0
12006,0
12007,0
12008,0
12009,0
12011,0
12012,0
12013,3
12014,3
12017,0
12018,0
12019,0
12020,0
12021,0
12022,5
12023,0
12024,0
12025,0
12026,0
12027,0
12028,0
12029,0
12030,0
12031,0
12032,0
12033,0
12034,0
12035,0
12036,0
12037,0
12040,0
12042,0
12043,0
12044,0
12045,0
12046,0
12047,0
12048,0
12049,0
12050,0
12051,0
12052,0
12053,0
12054,0
12056,0
12058,0
12059,0
12060,0
12061,0
12062,0
12063,0
12064,0
12065,0
12066,0
12067,0
12068,0
12069,0
12070,0
12071,2
12072,0
12073,0
12074,0
12075,0
12076,0
12077,0
12078,0
12079,0
12080,0
12081,0
12082,0
12083,0
12084,0
12085,0
12086,0
12087,12
12088,16
12091,9
12092,0
12093,0
12094,6
12095,0
12096,0
12097,0
12098,0
12100,0
12101,0
12102,0
12103,0
12104,0
12105,7
12106,13
12107,7
12108,0
12109,0
12110,16
12111,3
12112,0
12113,0
12114,0
12115,0
12116,0
12117,0
12118,0
12120,0
12121,0
12122,0
12123,0
12124,0
12125,0
12126,0
12127,0
12128,0
12129,0
12130,0
12131,0
12132,0
12133,0
12134,0
12135,0
12136,0
12137,0
12138,0
12139,0
12140,0
12141,0
12142,0
12143,0
12144,0
12145,0
12146,0
12147,0
12148,7
12149,4
12150,0
12151,0
12152,0
12153,0
12154,0
12155,0
12156,0
12157,0
12158,0
12159,17
12160,0
12161,0
12162,0
12163,0
12164,0
12165,0
12166,0
12167,0
12168,0
12169,0
12170,1
12171,4
12172,0
12173,0
12174,0
12175,0
12176,0
12177,0
12178,0
12179,5
12180,0
12181,0
12182,0
12183,0
12184,0
12185,0
12187,0
12188,0
12189,0
12190,0
12191,0
12192,0
12193,0
12194,0
12195,19
12196,0
12197,0
12199,0
12200,0
12201,0
12202,0
12203,0
12204,0
12205,0
12206,0
12207,0
12208,0
12209,0
12210,0
12211,0
12212,0
12213,0
12214,13
12215,20
12216,0
12217,0
12218,0
12219,0
12220,0
12221,0
12222,0
12223,0
12224,6
12225,56
12226,0
12227,0
12228,0
12229,0
12230,0
12231,0
12232,0
12233,0
12234,8
12235,22
12236,0
12237,0
12238,0
12239,0
12241,0
12242,0
12243,0
12244,0
12245,0
12246,0
12247,0
12248,0
12249,0
12250,18
12251,48
12252,0
12253,0
12254,0
12255,0
12256,0
12257,0
12258,0
12259,0
12260,0
12261,0
12262,0
12263,0
12264,0
12265,0
12266,0
12267,0
12268,0
12270,0
12271,0
12272,0
12273,0
12274,0
12275,0
12276,0
12277,0
12278,0
12279,0
12280,0
12281,0
12282,0
12283,0
12284,0
12285,0
12286,0
12287,0
12288,6
12289,0
12290,0
12291,0
12293,0
12294,0
12295,0
12296,0
12297,0
12298,0
12299,0
12300,0
12301,0
12302,0
12303,0
12304,0
12305,0
12306,19
12307,0
12308,0
12309,0
12310,0
12311,0
12312,0
12313,0
12314,0
12315,0
12316,0
12317,0
12318,0
12319,0
12320,2
12321,8
12322,1
12323,8
12324,8
12326,0
12327,0
12328,0
12329,0
12330,0
12332,6
12333,4
12334,0
12335,0
12336,0
12337,0
12338,0
12339,0
12340,0
12341,0
12342,0
12343,0
12344,0
12345,0
12346,0
12347,0
12348,0
12350,0
12351,0
12352,0
12353,0
12354,0
12356,0
12357,0
12358,0
12359,0
12360,0
12361,0
12362,60
12363,0
12364,0
12365,0
12366,0
12367,0
12368,0
12369,0
12370,0
12371,0
12372,0
12373,0
12374,0
12375,0
12376,0
12377,0
12378,0
12379,5
12380,0
12381,0
12382,0
12383,0
12384,0
12385,0
12386,0
12387,1
12388,0
12390,0
12393,0
12394,0
12395,0
12396,0
12397,0
12398,0
12399,0
12400,0
12401,0
12402,6
12403,12
12404,9
12405,4
12406,0
12407,0
12408,0
12409,0
12410,0
12411,0
12412,4
12415,0
12416,0
12418,0
12419,0
12420,0
12421,0
12422,0
12423,0
12424,0
12425,0
12426,3
12427,9
12428,0
12429,91
12430,70
12431,18
12432,10
12433,140
12434,55
12435,99
12436,1
12437,5
12438,0
12439,0
12441,0
12442,0
12443,0
12444,0
12445,0
12447,0
12448,0
12449,0
12450,0
12451,0
12452,0
12453,0
12454,0
12457,0
12458,0
12461,8
12462,0
12463,0
12464,9
12465,0
12466,0
12467,0
12468,0
12469,0
12470,0
12471,0
12472,0
12473,0
12474,0
12475,1
12478,12
12479,0
12480,0
12481,0
12483,0
12484,0
12485,0
12486,0
12487,0
12488,0
12489,0
12490,0
12491,0
12492,0
12493,0
12494,0
12495,0
12496,0
12497,0
12498,11
12499,17
12500,12
12501,18
12502,0
12503,0
12504,6
12505,8
12506,0
12507,0
12508,8
12509,3
12510,0
12512,96
12515,0
12516,0
12517,0
12518,5
12519,9
12520,0
12521,0
12522,0
12523,0
12524,0
12525,0
12526,0
12527,0
12528,0
12529,4
12530,0
12531,0
12532,0
12533,0
12534,0
12535,0
12536,3
12537,1
12538,0
12539,0
12540,0
12541,0
12542,0
12543,0
12544,0
12545,0
12546,0
12547,0
12550,0
12551,32
12552,0
12553,0
12554,0
12555,0
12556,0
12557,0
12558,0
12559,104
12560,165
12561,0
12562,0
12563,0
12564,0
12565,0
12566,0
12567,0
12568,16
12569,24
12570,45
12571,245
12572,0
12573,0
12574,0
12575,0
12576,0
12577,0
12578,0
12579,0
12580,0
12581,1
12582,0
12583,0
12584,0
12585,0
12588,0
12589,0
12590,2
12591,0
12592,0
12593,0
12594,0
12595,0
12596,0
12597,0
12598,0
12599,0
12600,0
12601,0
12602,16
12603,23
12604,0
12605,0
12606,0
12608,0
12609,0
12610,0
12611,0
12612,14
12613,12
12614,0
12615,0
12616,0
12617,0
12618,0
12619,0
12620,0
12621,0
12622,0
12623,0
12624,0
12625,0
12626,0
12627,0
12628,0
12629,10
12630,0
12631,13
12632,0
12633,0
12634,0
12635,0
12636,0
12637,0
12638,0
12640,0
12641,0
12643,0
12644,0
12645,0
12646,0
12647,0
12648,0
12649,0
12650,1
12651,2
12652,2
12653,0
12654,0
12655,0
12656,0
12657,0
12658,0
12659,0
12660,0
12661,0
12662,0
12663,0
12664,0
12665,0
12666,0
12667,0
12668,0
12669,0
12670,0
12671,0
12672,0
12673,0
12674,0
12675,0
12703,0
12704,0
12705,0
12706,0
12708,0
12709,0
12710,0
12711,0
12712,0
12715,0
12716,0
12717,0
12718,0
12719,0
12720,0
12721,0
12722,0
12723,0
12724,0
12725,0
12726,0
12728,5
12729,0
12730,0
12731,0
12732,0
12733,0
12734,0
12735,0
12736,8
12737,0
12738,0
12739,0
12740,0
12741,0
12742,0
12743,0
12748,0
12749,0
12753,0
12754,0
12755,0
12756,0
12757,11
12758,13
12759,0
12760,0
12761,0
12762,2
12763,0
12764,36
12765,0
12766,0
12767,0
12768,0
12769,0
12773,0
12774,0
12775,0
12776,0
12777,3
12779,0
12780,0
12781,0
12782,0
12783,0
12784,0
12785,0
12786,0
12787,0
12788,0
12789,0
12790,0
12791,0
12792,0
12793,0
12794,0
12795,0
12796,0
12797,0
12798,0
12799,5
12800,19
12801,0
12803,0
12804,0
12807,0
12811,0
12812,0
12813,0
12814,0
12818,0
12819,0
12820,0
12821,0
12823,0
12824,0
12826,0
12827,0
12828,0
12830,0
12831,0
12834,1
12835,0
12836,0
12837,0
12838,0
12839,0
12840,0
12841,0
12842,0
12843,0
12844,0
12846,0
12849,0
12850,0
12851,0
12852,2
12854,6
12855,5
12856,0
12857,0
12860,0
12861,0
12862,0
12863,0
12864,0
12865,0
12866,0
12867,0
12868,0
12870,0
12871,0
12872,11
12873,2
12874,2
12875,0
12876,0
12877,0
12878,0
12879,11
12880,0
12881,4
12882,3
12883,0
12885,0
12886,0
12887,0
12888,1
12889,0
12890,0
12891,0
12893,0
12894,1
12897,0
12898,0
12899,0
12900,0
12901,0
12903,0
12904,0
12905,0
12906,0
12907,0
12908,0
12909,0
12910,11
12911,8
12912,8
12913,0
12914,0
12915,0
12916,0
12917,0
12918,0
12921,0
12922,0
12923,0
12924,0
12925,0
12926,0
12927,0
12928,0
12929,0
12930,0
12931,0
12932,0
12933,0
12934,0
12935,0
12936,0
12937,36
12938,0
12939,0
12940,0
12942,0
12943,0
12946,0
12947,0
12948,5
12949,11
12950,0
12951,3
12952,8
12953,0
12954,0
12955,0
12956,0
12957,0
12958,0
12959,0
12962,0
12963,0
12964,0
12965,0
12966,1
12967,0
12968,0
12969,0
12971,7
12972,0
12973,0
12974,0
12975,0
12976,9
12977,18
12978,0
12979,0
12980,0
12981,8
12982,0
12983,2
12984,0
12985,0
12986,0
12987,0
12988,0
12989,0
12990,0
12991,0
12992,0
12993,0
12994,0
13000,0
13001,30
13002,13
13003,0
13004,0
13005,0
13006,0
13007,0
13008,0
13009,9
13010,11
13019,0
13020,0
13021,0
13022,0
13023,0
13024,0
13025,0
13026,0
13027,0
13028,0
13029,0
13031,0
13032,0
13033,0
13034,0
13035,0
13036,0
13037,0
13038,3
13039,0
13040,0
13041,0
13042,10
13043,16
13044,0
13045,0
13046,0
13047,7
13048,0
13049,0
13050,0
13051,0
13052,0
13053,0
13054,0
13059,0
13060,3
13061,0
13062,9
13064,0
13065,0
13066,0
13068,0
13069,0
13070,0
13071,0
13072,0
13073,0
13074,0
13077,19
13079,0
13080,0
13083,0
13084,0
13085,0
13086,0
13087,0
13088,0
13090,0
13091,9
13092,0
13093,0
13094,0
13099,0
13100,1
13101,0
13102,0
13103,0
13104,0
13105,0
13106,4
13107,0
13108,0
13109,0
13110,8
13111,3
13113,0
13115,0
13116,0
13117,0
13118,3
13119,0
13120,0
13121,0
13122,0
13123,0
13125,0
13126,0
13127,0
13128,0
13129,0
13130,0
13131,0
13132,0
13133,0
13134,0
13135,0
13136,26
13137,0
13138,0
13139,0
13140,0
13141,0
13145,0
13146,0
13148,0
13149,0
13150,0
13151,0
13152,0
13153,0
13154,0
13155,0
13156,0
13157,0
13158,0
13159,10
13160,36
13163,0
13164,0
13165,0
13166,0
13167,0
13170,0
13171,1
13172,33
13177,0
13178,0
13179,0
13183,0
13184,0
13185,0
13186,0
13196,3
13197,0
13198,0
13199,0
13200,2
13201,0
13202,0
13203,0
13208,0
13209,15
13210,24
13211,3
13212,0
13213,15
13214,0
13215,0
13216,0
13217,3
13218,0
13219,0
13220,0
13221,0
13222,0
13223,0
13224,0
13225,0
13226,0
13227,0
13228,81
13229,0
13230,0
13232,0
13237,0
13241,0
13242,8
13243,0
13244,0
13245,0
13246,0
13249,11
13250,0
13251,0
13252,0
13253,0
13254,10
13255,6
13256,19
13260,4
13261,0
13262,0
13263,95
13264,0
13265,0
13266,51
13270,0
13274,0
13275,0
13276,0
13277,0
13278,0
13279,2
13280,0
13282,0
13286,7
13289,9
13290,0
13292,1
13293,1
13294,24
13295,11
13296,9
13297,0
13298,25
13299,0
13300,0
13301,0
13302,0
13306,0
13307,0
13308,0
13309,0
13310,0
13311,0
13312,0
13313,0
13314,0
13315,0
13316,2
13317,0
13318,0
13319,0
13320,10
13321,8
13322,0
13324,0
13325,0
13328,8
13329,0
13330,0
13331,0
13335,11
13336,5
13337,9
13338,0
13339,3
13340,176
13341,0
13342,0
13346,15
13347,9
13348,1
13349,0
13350,7
13351,2
13353,0
13356,0
13357,0
13358,0
13359,0
13360,0
13361,0
13362,0
13363,20
13364,0
13365,0
13366,0
13368,0
13369,0
13370,36
13371,0
13372,0
13378,24
13379,12
13380,0
13381,0
13382,0
13383,0
13384,0
13385,0
13386,0
13387,24
13388,8
13389,0
13390,0
13391,0
13392,0
13393,0
13394,0
13395,0
13399,9
13400,13
13402,0
13403,0
13404,0
13405,0
13406,0
13407,0
13408,7
13409,20
13410,3
13411,3
13412,0
13413,0
13414,26
13419,0
13425,0
13426,0
13429,0
13430,0
13433,3
13436,0
13437,0
13438,0
13439,18
13441,0
13446,4
13447,2
13448,5
13453,28
13454,10
13455,0
13456,0
13457,11
13458,0
13459,0
13477,0
13478,0
13481,14
13482,0
13483,0
13484,0
13485,0
13486,0
13487,12
13488,11
13489,5
13490,6
13491,24
13492,6
13493,24
13494,0
13495,0
13496,0
13497,9
13498,12
13499,10
13500,8
13501,16
13502,0
13517,10
13518,4
13521,0
13522,0
13523,0
13524,0
13525,0
13526,0
13527,0
13528,0
13529,0
13530,0
13531,0
13532,0
13533,0
13534,0
13535,0
13536,0
13537,0
13538,0
13543,0
13544,17
13545,24
20001,12
20002,9
20003,19
20004,18
20005,41
20006,54
20007,171
20008,616
20009,165
20010,217
200102,0
200104,0
200106,0
200108,0
200109,0
20011,47
20012,7
20013,16
20014,-1
20015,11
20016,20
20017,28
20018,0
20019,86
20020,46
20021,0
20022,0
20023,22
20024,26
20025,44
20026,39
20027,0
20028,4
20029,444
200297,0
20030,55
20031,16
20032,0
20033,286
20034,22
20035,21
20036,2
20037,0
20038,12
20039,17
20040,0
20041,6
20042,0
20043,3
20044,0
20045,3
20046,0
20047,7
20048,0
20049,0
20050,27
20051,7
20052,11
20053,8
20054,19
20055,0
20056,0
20057,18
20058,0
20059,0
20060,0
20061,0
20062,0
20063,0
20064,0
20065,0
20066,0
20067,0
20068,11
20069,17
20070,0
20071,0
20072,0
20073,0
20074,6
20075,11
20076,12
20077,17
20078,17
20079,0
20080,7
20081,4
20082,13
20083,1
20084,48
20085,28
20086,15
20087,0
20088,0
20089,0
20090,0
20091,0
20092,0
20093,0
20094,0
20095,5
20096,0
20097,0
20098,0
20099,0
20100,10
20101,0
20102,0
20103,0
20104,0
20105,61
20106,0
20107,0
20108,10
20109,0
20110,0
20111,0
20112,0
20113,0
20114,0
20115,0
20116,0
20118,29
20119,15
20120,3
20121,12
20122,0
20123,0
20124,0
20125,0
20126,0
20127,0
20128,0
20129,0
20130,0
20131,55
20138,0
20139,0
20140,1
20141,0
20142,0
20143,0
20144,0
20145,0
20146,0
20147,0
20148,13
20149,0
20150,16
20151,25
20154,0
20247,0
20248,0
20249,0
20250,6
20251,0
20252,0
20253,0
20254,0
20255,0
20256,0
20257,0
20258,0
20259,0
20261,0
20262,0
20263,0
20264,0
20265,0
20266,0
20267,0
20268,0
20269,0
20270,0
20271,0
20272,0
20273,0
20274,0
20275,9
20276,9
20277,10
20278,0
20279,0
20280,0
20281,0
20282,0
20283,27
20284,11
20285,9
20286,18
20287,12
20288,0
20289,0
20290,0
20291,0
20292,0
20293,0
20294,17
20295,0
20296,0
20297,0
20298,0
20299,0
20300,0
20301,0
20303,117
20304,0
20305,0
20401,0
20402,0
20403,3
20404,2
20405,0
20406,0
20407,0
20408,0
20409,0
20410,0
20411,3
20412,7
20413,0
20414,0
20415,11
20416,10
20417,13
20418,0
20419,0
20420,0
20421,3
20422,2
20423,0
20424,2
20425,1
20426,0
20427,0
20428,0
20429,0
20430,10
20431,0
20432,0
20433,0
20434,13
20435,18
20436,8
20437,11
20438,0
20439,0
20440,0
20441,0
20442,0
20443,0
20444,0
20445,5
20446,0
20447,0
20448,2
20449,2
20450,1
20451,0
20452,0
20453,0
20454,0
20455,0
20456,2
20457,2
20458,0
20459,0
20460,15
20461,17
20462,16
20463,7
20464,9
20465,0
20466,0
20467,0
20468,7
20469,4
20470,0
20471,0
20472,0
20473,0
20474,27
20475,22
20476,0
20477,0
20478,9
20479,12
20480,7
20481,0
20482,0
20483,10
20484,17
20485,0
20486,0
20487,0
20488,4
20489,6
20490,27
20491,23
20492,6
20493,0
20494,0
20495,0
20496,7
20497,8
20498,18
20499,16
20500,0
20501,0
20502,0
20503,0
20504,0
20505,21
20506,24
20507,0
20508,36
20509,0
20510,0
20511,11
20512,4
20513,0
20514,0
20515,0
20516,0
20517,2
20518,2
20519,18
20520,0
20521,0
20522,0
20523,0
20524,0
20525,0
20526,2
20527,2
20528,0
20529,0
20530,21
20531,25
20532,0
20533,0
20534,0
20535,0
20536,0
20537,0
20538,0
20539,0
20540,0
20541,0
20542,1
20543,2
20544,0
20545,0
20546,0
20547,0
20548,17
20549,14
20550,36
20551,0
20552,0
20553,0
20554,0
20555,0
20556,317
20557,0
20558,0
20559,0
20560,0
20561,2
20562,0
20563,0
20564,0
20565,0
20566,4
20567,0
20568,2
20569,0
20570,0
20571,0
20572,0
20573,0
20574,11
20575,14
20576,0
20577,7
20578,8
20579,25
20580,0
20581,0
20582,0
20583,3
20584,0
20585,0
20586,0
20587,0
20588,0
20589,0
20590,0
20591,0
20592,0
20593,0
20594,0
20595,0
20596,0
20597,0
20598,0
20599,8
20600,13
20601,0
20603,0
20605,3
20606,0
20607,0
20608,0
20609,0
20610,0
20611,12
20612,0
20613,0
20614,0
20615,20
20616,0
20617,11
20618,13
20619,0
20620,0
20621,0
20622,0
20623,0
20624,0
20625,0
20626,0
20627,0
20628,0
20629,0
20630,0
20631,0
20632,0
20633,6
20634,8
20635,5
20636,0
20637,17
20638,0
20639,0
20640,3
20641,13
20642,0
20643,0
20644,0
20645,0
20646,6
20647,4
20648,9
20649,11
20650,0
20651,0
20652,0
20653,0
20654,2
20655,1
20656,15
20657,9
20658,0
20659,0
20660,9
20661,17
20662,0
20663,0
20664,0
20665,0
20666,15
20667,6
20668,9
20669,0
20670,0
20671,0
20672,0
20673,0
20674,0
20675,0
20677,0
20678,0
20679,0
20680,0
20681,0
20682,0
20683,0
20684,0
20685,0
20686,0
20687,0
20688,0
20689,0
20690,0
20691,0
20692,0
20693,0
20694,0
20695,14
20696,6
20698,0
20699,9
20701,9
20702,0
20703,0
20704,0
20705,61
20706,7
20708,17
20709,0
20711,21
20712,8
29001,85
29002,1
29051,0
29052,0
29053,0
29054,0
29055,0
29056,0
29057,0
29058,0
29101,9
29102,8
29103,6
29104,37
29105,0
29106,0
29107,17
29108,13
29109,9
29110,8
29111,15
29112,10
29113,10
29114,0
29115,0
29116,0
29117,0
29118,0
29119,0
29120,0
29121,0
29122,5
29123,4
29124,2
29125,0
29126,0
29127,6
29128,0
29129,8
29130,11
29131,4
29132,13
29133,8
29134,5
29135,0
29136,0
29137,0
29138,0
29139,5
30001,93
30002,15
30003,21
30004,23
30005,8
30006,0
30007,9
30008,13
30009,12
30010,24
30011,10
30012,6
30013,12
30014,0
30015,6
30016,15
30017,10
30018,0
30019,7
30020,9
30021,39
30022,0
30023,4
30024,18
30025,6
30026,5
30027,15
30028,0
30029,7
30030,0
30031,2
30032,0
30033,6
30034,19
30035,13
30036,0
30037,0
30038,0
30039,0
30040,0
30041,0
30042,0
30043,14
30044,14
30045,0
30046,0
30047,0
30048,0
30049,0
30050,0
30051,4
30052,6
30053,0
30054,0
30055,1
30056,0
30057,7
30058,6
30059,0
30060,0
30061,0
30062,0
30063,0
30064,0
30065,0
30066,0
30067,0
30068,0
30069,0
30070,0
30071,0
30072,0
30073,0
30074,0
30075,0
30076,7
30077,1
30078,0
30079,0
30080,0
30081,8
30082,13
30083,0
30084,0
30085,5
30101,5
30102,0
30103,0
30104,0
30105,0
30106,20
30107,16
30108,18
30109,22
30110,0
30111,0
30112,14
30113,0
30114,0
30115,0
30116,0
30117,0
30118,0
30119,0
30120,0
30121,0
30122,0
30123,0
30124,0
30125,0
30126,1
30127,5
30128,10
30129,0
30130,3
30131,0
30132,0
30133,0
30134,0
30135,3
30136,0
30137,0
30138,0
30139,0
30140,0
30141,8
30142,6
30143,9
30144,5
30145,6
30146,11
30147,18
30148,0
30149,0
30150,0
30151,0
30152,0
30153,0
30154,0
30155,0
30156,0
30157,0
30158,0
30159,0
30160,0
30161,0
30162,2
30163,3
30164,1
30165,0
30166,0
30167,16
30168,5
30169,0
30170,0
30171,0
30172,0
30173,0
30174,3
30175,0
30176,0
30177,8
30178,0
30179,0
30180,0
30181,0
30182,0
30183,0
30184,0
30185,0
30186,0
30187,0
30188,0
30189,0
30190,0
30191,0
30192,0
30193,0
30194,4
30195,0
30196,3
30197,11
30198,0
30199,0
30200,0
30201,0
30202,0
30203,9
30204,0
30205,0
30206,0
30207,0
30208,0
30209,0
30210,0
30211,12
30212,10
30213,10
30214,0
30215,4
30216,1
30217,3
30218,0
30219,13
30220,0
30221,11
30222,3
30223,0
30224,0
30225,0
30226,0
30227,0
30228,0
30229,0
30230,10
30231,10
30232,6
30233,2
30234,4
30235,6
30236,3
30237,0
30238,0
30239,2
30240,0
30241,0
30242,0
30243,0
30244,4
30245,0
30246,0
30247,6
30248,5
30249,0
30251,0
30252,0
30253,0
30254,0
30256,0
30257,0
30258,0
30259,0
30260,0
30261,9
30262,15
30263,0
30264,5
30265,5
30266,0
30267,0
30268,2
30269,0
30270,0
30271,0
30272,2
30274,0
30275,0
30276,0
30397,0
330054,0
330057,0
330058,0
330060,0
35001,0
35002,0
35003,2
35004,1
35005,0
35006,0
35007,0
35008,0
35009,1
35010,1
35011,1
35012,0
35013,2
35014,0
35015,2
35016,0
35017,0
35018,0
35019,0
35020,0
35021,5
35022,0
35023,0
35024,0
35025,0
35026,0
35027,0
35028,0
35029,0
35030,0
35031,0
35032,0
35033,0
35034,0
35035,0
35036,0
35037,0
35038,0
35039,0
35040,0
35041,0
35042,0
35043,0
35044,0
35045,0
35046,0
35047,0
35048,0
35049,0
35050,1
35051,0
35052,0
35053,0
35054,0
35055,11
35056,4
35057,0
35058,0
35059,3
35060,0
35061,4
35062,0
35063,0
35064,0
35065,0
35066,0
35067,4
35068,0
35069,0
35070,7
35071,13
35072,6
35073,5
35074,0
35075,0
35076,5
35077,3
35078,3
35079,0
35080,0
400001,0
40001,0
40002,0
40003,0
40004,0
40005,0
40006,0
40007,0
40008,0
40009,0
40010,0
40011,0
40012,0
40013,0
40014,0
40015,0
40016,0
40017,0
40018,0
40019,0
40051,0
40052,0
40053,0
40054,0
40055,80
40056,3
40057,7
40058,200
40059,0
40060,0
40061,0
40062,0
40063,0
40064,0
40065,0
40066,0
40067,0
40068,160
40069,0
40070,20
40071,0
40072,0
40073,0
40074,0
40075,0
40076,0
40077,0
40078,11
40079,20
40080,0
40081,0
40082,6
40083,0
40084,0
40085,0
40086,0
40087,0
40088,0
40089,0
40090,0
40091,0
40092,0
40093,0
40094,120
40095,0
40096,0
40097,0
40098,0
40099,1
40100,0
40101,0
40102,0
40103,0
40104,0
40105,0
40106,0
40107,0
40108,0
40109,0
40110,6
40111,3
40112,0
40113,0
40114,0
40115,0
40150,0
40151,0
40152,0
40153,0
40154,0
40155,0
40156,0
40157,0
40158,0
40201,0
40202,0
40203,0
40204,0
40303,0
40304,0
40305,0
40306,0
40307,0
40308,0
45001,0
45002,0
45003,0
45004,0
45005,0
45006,0
45007,0
45008,0
45101,0
45102,0
46001,0
46002,0
46003,0
46004,0
46005,0
46006,0
46007,0
46008,0
46009,0
46010,0
46011,0
46012,0
46013,0
46014,0
46015,0
46016,0
46017,0
46018,0
46019,0
46020,0
46021,0
46022,0
46023,0
46024,0
46025,0
46026,0
46027,0
46028,0
46029,0
46030,0
46031,0
46032,0
46033,0
46034,0
46035,0
46036,0
46037,0
46038,0
46039,0
46040,0
46041,0
46042,0
46043,0
46044,0
46045,0
46046,0
46047,0
46048,0
46049,0
46050,31
46051,10
46052,0
46053,17
46054,0
46055,20
46056,0
46057,0
46058,27
46059,0
46060,34
46061,0
46062,0
46063,0
46064,0
46065,27
46066,27
46067,29
49951,0
49952,0
49953,0
49955,76
50001,0
50002,4
50003,0
50004,0
50005,0
50006,2
50007,0
50008,0
50011,0
50012,0
50013,0
50014,0
50015,0
50016,0
50017,0
50018,0
50019,4
50020,2
50021,0
50022,0
50023,0
50024,0
50025,0
50026,0
50027,1
50028,0
50029,3
50030,8
50031,0
50032,0
50033,0
50034,0
50035,0
50036,0
50037,2
50038,0
50039,0
50040,0
50041,6
50042,0
50043,2
50044,0
50045,2
50046,2
50047,0
50048,0
50049,0
50050,0
50051,0
50052,0
50053,0
50054,0
50055,0
50056,0
50057,4
50058,0
50059,0
50060,0
50061,0
50062,4
50063,0
50064,0
50065,0
50066,0
50067,0
50068,0
50069,0
50070,11
50071,0
50072,0
50073,0
50074,0
50075,0
50076,0
50077,3
50078,0
50079,0
50080,4
50081,0
50082,0
50083,0
50084,0
50085,6
50086,0
50087,0
50088,0
50089,0
50090,0
50091,0
50092,0
50093,0
50094,0
50095,0
50096,0
50097,0
50098,3
50099,0
50100,1
50101,2
50102,0
50103,0
50104,1
50105,0
50106,0
50107,0
50108,0
50109,0
50110,0
50111,0
50112,0
50113,0
50114,4
50115,0
50116,4
50117,0
50118,0
50119,0
50120,0
50121,0
50122,0
50123,1
50124,2
50125,0
50126,0
50127,0
50128,1
50129,0
50130,0
50131,0
50132,0
50133,0
50134,0
50135,0
50136,0
50137,1
50138,0
50139,0
50140,0
50141,0
50142,0
50143,0
50144,0
50145,0
50146,0
50147,0
50148,0
50149,0
50150,0
50151,0
50152,4
50153,3
50154,0
50155,0
50156,0
50157,0
50158,0
50159,4
50160,2
50161,3
50162,1
50163,0
50164,0
50165,0
50166,0
50167,0
50168,0
50169,0
50170,0
50171,0
50172,0
50173,0
50174,2
50175,0
50176,2
50177,0
50178,0
50179,1
50180,0
50181,0
50182,0
50183,1
50184,0
50185,0
50186,1
50187,0
50188,4
50189,0
50190,0
50191,0
50192,0
50193,0
50194,2
50195,0
50196,0
50197,0
50198,0
50199,0
50200,0
50201,0
50202,0
50203,0
50204,0
50205,0
50206,0
50207,2
50208,0
50209,0
50210,0
50211,0
50212,0
50213,0
50214,0
50215,0
50216,0
50217,0
50218,0
50219,0
50220,0
50221,0
50222,0
50223,0
50224,0
50225,0
50226,0
50227,0
50228,0
50229,0
50230,0
50231,0
50232,0
50233,0
50234,0
50235,0
50236,0
50237,0
50238,2
50239,0
50240,0
50241,2
50242,0
50243,0
50244,1
50245,0
50246,0
50247,0
50248,0
50249,0
50250,1
50251,6
50252,6
50253,6
50254,6
50255,4
50256,0
50257,0
50258,0
50259,0
50260,0
50261,0
50262,0
50263,0
50264,0
50269,12
50270,10
50271,10
50273,2
50274,0
50275,0
50276,0
50277,0
50278,0
50279,0
50280,3
50281,3
50282,0
50283,0
50284,0
50285,0
50286,0
50287,14
50288,0
50289,2
50290,0
50291,0
50292,0
50293,3
50294,4
50295,0
50296,0
50297,0
50298,0
50299,12
50300,0
50301,0
50302,2
50303,33
50304,0
50305,11
50306,2
50307,0
50308,10
50309,0
50310,0
50311,0
50312,5
50313,0
50314,0
50315,0
50316,1
50317,0
50318,0
50319,3
50320,0
50321,0
50322,0
50323,0
50324,12
50325,7
50326,0
50327,0
50328,0
50329,0
50330,0
50331,1
50332,2
50333,0
50334,3
50335,6
50336,1
50337,0
50338,5
50339,1
50340,1
50341,1
50342,0
50343,15
50344,1
50345,0
50346,2
50348,11
50349,11
50350,0
50351,0
50352,2
50358,0
50359,15
50360,5
50361,18
50362,28
50363,12
50364,0
55001,1
55002,0
55003,2
55004,0
55005,0
55006,0
55007,0
55008,1
55009,0
55010,0
55011,0
55012,3
55013,3
55014,1
55015,0
55016,0
55017,0
55018,0
55019,0
55020,0
55021,0
55022,0
55023,0
55024,0
55025,0
55026,9
55027,1
55028,0
55029,0
55030,0
55031,0
55032,1
55033,0
55034,4
55035,0
55036,0
55037,0
55038,1
55039,1
55040,0
55041,0
55042,0
55043,0
55044,1
55045,0
55046,0
55047,0
55048,0
55049,0
55050,0
55051,3
55052,0
55054,1
55055,0
55056,0
55057,0
55058,2
55059,0
55060,0
55061,0
55062,0
55063,0
55064,4
55065,3
55066,0
55067,0
55068,2
55069,5
55070,3
55071,0
55072,0
55073,3
55074,3
55075,3
58001,2
58002,2
58003,0
58004,0
58005,0
58006,2
58007,1
58008,1
58009,2
58010,2
58011,0
58012,4
58013,3
58014,0
58015,0
58016,0
58017,0
58018,0
58019,0
58020,1
58021,0
58022,0
58023,4
58024,2
58025,0
58026,0
58027,0
58028,0
58029,0
58030,0
58031,0
58032,2
58033,7
58034,0
58035,0
58036,0
58037,1
58038,0
58039,0
58040,0
58042,0
59001,0
59002,1
59003,0
59004,0
59005,3
59006,0
59007,1
59008,1
59009,0
59010,4
59011,2
59012,0
59013,0
59014,0
59015,0
59016,0
59017,1
59018,0
59019,2
59020,4
59021,0
59022,0
59023,1
59024,0
59025,0
59026,0
59027,0
59028,0
59029,0
59030,4
59031,0
59032,0
59033,0
59034,0
59035,2
59036,0
59037,0
59038,0
59039,1
59040,0
59041,0
59042,0
59043,0
59044,0
59045,0
59046,0
59047,0
59048,0
59049,0
59050,0
59051,12
59052,5
59053,0
59054,9
59055,19
59056,0
59057,0
59058,0
59059,0
59062,7
59063,0
59064,12
59065,20
59066,0
59067,0
59068,4
59069,5
59070,19
60001,12
60002,0
60003,25
60004,25
60005,0
60006,0
60007,0
60008,0
60009,0
60010,0
60011,0
60012,0
60013,0
60014,0
60015,0
60016,-1
60017,0
60018,0
60019,0
60020,0
60021,0
60022,-3
60023,-3
60024,0
60025,0
60026,4
60027,0
60028,0
60029,2
60030,0
60031,0
60032,1
60033,2
60034,0
60035,2
60036,1
60037,0
60038,0
60039,0
60040,0
60041,0
60042,0
60043,0
60044,0
60045,0
60046,0
60047,0
60048,2
60049,5
60050,0
60051,0
60052,0
60053,0
60054,0
60055,0
60056,0
60057,0
60058,44
60059,0
60060,0
60061,0
60062,0
60063,0
60064,0
60065,0
60066,0
60067,0
60068,0
60069,0
60070,1
60071,0
60072,0
60073,0
60074,0
60075,0
60076,0
60077,-4160
60079,0
60080,0
60081,0
60082,0
60095,0
60096,0
60097,14
60098,0
60099,0
60100,0
60101,0
60102,0
60103,0
60104,0
60118,0
60119,0
60129,0
60130,0
60131,0
60133,0
60134,0
60137,0
60139,0
60145,0
60146,0
60147,0
60150,0
60154,0
60155,0
60156,0
60157,0
60158,0
60159,0
60160,0
60162,0
60163,0
60165,294
60166,0
60167,0
60174,0
60175,0
60176,1
60177,0
60178,0
60189,0
60190,0
60194,0
60195,0
60196,0
60197,0
60198,0
60199,0
60200,0
60201,0
60202,0
60203,0
60204,0
60205,0
60206,0
60207,0
60208,0
60209,0
60210,0
60211,0
60212,0
60213,0
60215,0
60216,0
60217,0
60218,0
60220,0
60221,0
60222,0
60223,0
60224,0
60225,0
60226,4
60227,0
60228,0
60229,0
60230,0
60231,0
60232,0
60233,0
60234,0
60235,0
60236,0
60237,0
60238,0
60239,0
60240,0
60241,0
60242,0
60243,0
60244,0
60245,0
60246,0
60247,0
60248,0
60249,0
60250,0
60251,0
60252,0
60253,0
60254,0
60255,0
60256,0
60257,0
60258,0
60259,0
60260,0
60261,0
60262,0
60263,0
60264,0
60265,0
60266,0
60267,0
60268,0
60269,0
60270,0
60271,0
60272,0
60273,0
60274,0
60275,0
60280,0
60281,0
60284,0
60285,0
60286,0
60287,0
60288,0
60289,0
60290,0
60291,0
60292,0
60293,0
60294,0
60295,0
60297,0
60298,0
60299,0
60300,0
60301,0
60302,0
60303,0
60304,0
60305,0
60306,0
60307,0
60308,0
60309,0
60310,0
60311,0
60312,0
60315,0
60316,0
60317,0
60318,0
60319,0
60320,0
60321,0
60322,0
60323,0
60324,0
60325,0
60326,0
60327,0
60328,0
60329,0
60333,0
60334,0
60335,0
60336,0
60337,0
60338,0
60352,2
60353,0
60354,0
60355,0
60356,0
60357,0
60358,0
60359,0
60360,0
60361,0
60362,6
60363,0
60364,0
60365,0
60366,0
60367,0
60368,0
60369,0
60370,0
60371,0
60372,0
60373,0
60374,0
60375,1
60376,0
60377,1
60378,2
60379,0
60380,0
60381,3
60382,0
60383,0
60384,0
60385,0
60386,0
60387,0
60388,0
60389,0
60390,0
60392,3
60393,4
60394,3
60395,0
60396,0
60397,0
60398,0
60399,0
60400,0
60401,0
60402,0
60403,0
60404,0
60405,0
60406,0
60407,0
60408,0
60409,0
60410,0
60411,-962
60412,0
60413,0
60414,0
60415,4
60416,0
60417,2
60418,0
60419,0
60420,1
60421,0
60422,0
60423,0
60424,0
60425,0
60426,0
60427,0
60428,0
60429,2
60430,0
60431,13
60432,3
60433,5
60434,17
60435,6
60436,0
60437,0
60438,0
60439,0
60440,0
60441,1
60442,5
60443,0
60444,0
60445,0
60446,0
60447,0
60448,1
60449,1
60450,0
60451,0
60452,5
60453,0
60454,0
60455,1
60456,0
60457,0
60458,0
60459,0
60460,0
60461,0
60462,0
60463,0
60464,0
60465,0
60466,0
60467,0
60468,0
60469,0
60470,0
60471,0
60472,0
60473,0
60474,3
60475,0
60476,0
60477,1
60478,-6
60479,1
60480,0
60481,0
60482,0
60483,1
60484,0
60485,0
60486,2
60487,0
60488,0
60489,0
60490,0
60491,0
60492,0
60493,0
60494,0
60495,0
60496,0
60497,0
60498,0
60499,10
60500,0
60501,0
60502,0
60503,0
60504,0
60505,0
60506,0
60507,0
60508,0
60509,0
60510,0
60511,0
60512,0
60513,0
60514,0
60515,0
60516,0
60517,0
60518,0
60519,0
60520,0
60521,0
60522,0
60523,0
60524,0
60525,0
60526,0
60527,2
60528,0
60529,0
60530,0
60531,0
60532,0
60533,0
60534,0
60535,0
60536,0
60537,0
60538,0
60539,0
60540,0
60541,1
60542,0
60543,0
60544,0
60545,0
60546,0
60547,0
60548,-4
60549,0
60550,0
60551,0
60552,0
60553,2
60554,0
60555,5
60556,0
60557,0
60559,0
60561,0
60562,0
60563,0
60564,0
60565,0
60566,0
60567,0
60568,0
60569,0
60570,0
60571,0
60572,0
60574,0
60576,0
60577,0
60578,0
60579,0
60580,0
60581,0
60582,0
60583,0
60584,0
60585,0
60586,0
60587,0
60588,0
60589,0
60590,0
60591,0
60592,0
60593,0
60594,0
60595,0
60596,0
60597,0
60598,0
60599,0
60601,0
60602,0
60603,0
60604,0
60605,0
60606,0
60607,0
60608,0
60609,0
60610,0
60611,0
60612,96
60613,0
60614,72
60615,0
60616,0
60617,0
60618,0
60619,24
60620,0
60621,25
60622,18
60623,0
60624,12
60625,0
60626,0
60627,0
60628,168
60629,0
60630,0
60631,0
60632,0
60633,0
60634,0
60635,90
60636,5
60637,6
60638,0
60639,1
60640,0
60641,0
60642,0
60643,0
60644,0
60645,0
60646,0
60647,0
60648,0
60649,0
60650,0
60651,0
60652,0
60653,0
60654,0
60655,0
60656,0
60657,0
60658,0
60659,0
60660,24
60661,0
60662,0
60663,0
60664,48
60665,0
60666,0
60667,0
60668,0
60669,0
60670,0
60671,0
60672,0
60673,0
60674,24
60675,0
60676,0
60677,0
60678,16
60679,0
60680,0
60681,0
60682,0
60683,0
60684,0
60685,0
60686,0
60687,0
60688,1
60689,0
60690,0
60691,2
60692,0
60693,0
60694,0
60695,0
60696,11
60697,3
60698,0
60699,0
60700,0
60701,0
60702,0
60703,0
60704,0
60705,0
60706,2
60707,2
60708,0
60709,0
60710,2
60711,0
60713,0
60714,0
60751,0
60752,0
60753,0
60754,3
60755,0
60756,90
60757,0
60758,0
60759,4
60760,4
60761,0
60762,0
60763,2
60764,2
60765,0
60766,0
60767,0
60768,0
60769,0
60770,0
60771,120
60801,13
60802,12
60803,6
60804,0
60805,0
60806,5
60807,3
60808,0
60809,6
60810,15
60811,0
60812,1
60813,1
60814,26
60815,0
60816,20
60817,8
60818,10
60819,0
60820,14
60821,0
60822,0
60823,17
60824,0
60825,0
60826,0
60827,0
60828,8
60829,1
60830,0
60831,0
60832,0
60833,0
60834,0
60835,6
60836,0
60837,0
60838,0
60839,2
60840,0
60841,3
60842,0
60843,0
60844,14
60845,0
60901,0
60902,0
60903,0
60904,0
60905,0
60906,0
60907,0
60908,0
60909,0
60910,0
60911,0
60912,0
60913,0
60914,0
60915,0
60916,0
60917,0
60918,0
60919,0
60920,0
60921,0
60922,0
60923,0
60924,0
60926,0
60927,0
60928,6
60929,0
60930,0
60931,0
60932,0
60933,0
60934,0
60935,14
60936,8
60937,60
60938,0
60939,0
60940,2
60942,0
60943,0
60945,0
60946,162
60947,79
60948,111
60949,33
60950,46
60951,33
60952,146
60953,69
60954,91
60955,48
60956,95
60957,0
60958,42
60959,0
60960,1
60961,5
60962,0
60963,1
60964,0
60965,4
60966,0
60967,0
60968,0
60969,0
60970,0
60971,0
60972,0
60973,0
60974,0
60975,0
60976,6
60977,0
60978,0
60979,0
60980,0
60981,1
60982,9
60983,6
60984,0
60985,0
60986,0
60987,0
60988,0
60989,0
60990,0
60991,0
60992,0
60993,0
60994,0
60995,6
60996,0
60997,0
60998,0
60999,0
61001,0
61002,0
61006,0
61007,0
61008,0
61009,0
61010,0
61011,0
61012,0
61013,0
61014,0
61015,0
61016,0
61017,0
61018,0
61019,0
61020,0
61021,0
61022,0
61023,0
61024,0
61025,0
61026,0
61027,0
61028,0
61029,0
61030,0
61031,0
61032,0
61033,0
61034,0
61035,0
61037,0
61038,0
61039,0
61040,0
61041,0
61042,0
61043,0
61044,0
61045,0
61046,0
61047,0
61048,0
61049,0
61050,0
61051,0
61052,0
61053,0
61054,26
61055,32
61056,1
61057,0
61058,0
61059,0
61060,0
61061,0
61062,0
61063,2
61081,9
61082,0
61084,13
61085,0
61087,0
61088,0
61089,0
61090,1
61091,10
61092,0
61093,0
61095,0
61110,4
61113,10
61115,0
61116,0
61121,0
61122,0
61123,0
61124,0
61125,0
61126,0
61127,0
61128,0
61129,0
61130,0
61131,31
61132,16
61133,5
61148,267
61151,0
61152,0
61161,0
61162,0
61163,0
61164,0
62001,0
62002,0
62003,0
62004,0
62005,0
62006,0
62007,0
62008,0
62009,0
62010,0
62011,0
62012,0
62013,0
62501,0
62502,0
62503,4
62504,48
65044,0
65046,0
65047,0
65048,0
65049,0
65050,0
65051,0
65056,0
65057,80
65058,0
65059,0
65060,0
65061,0
65062,2
65063,75
65065,0
65066,0
65067,0
65068,0
65069,1
70001,0
70002,24
70003,0
70004,5
70005,8
70006,0
70007,0
70008,12
70009,6
70010,0
70011,0
70012,0
70013,0
70014,0
70015,0
70016,12
70017,0
70018,8
70019,0
70020,0
70021,0
70022,0
70023,0
70024,0
70025,0
70026,0
70027,0
70028,0
70029,0
70030,0
70031,21
70032,34
70033,0
70034,0
70035,31
70036,20
70037,0
70038,12
70039,0
70040,0
70041,0
70042,0
70043,0
70044,0
70045,0
70046,10
70047,0
70048,0
70049,0
70050,0
70051,0
70052,3
70053,16
70054,0
70055,0
70056,0
70057,0
70058,0
70059,0
70060,0
70061,0
70062,0
70063,0
70064,0
70065,0
70066,0
70067,0
70068,0
70069,0
70070,0
70071,0
70072,0
70073,0
70074,10
70075,6
70076,0
70077,0
70078,0
70079,0
70080,0
70081,22
70082,0
70083,20
70084,0
70085,0
70086,0
70087,0
70088,0
70089,0
70090,0
70091,0
70092,0
70093,0
70094,0
70095,0
70096,0
70097,0
70098,9
70099,0
70100,0
70101,0
70102,0
70103,0
70104,0
70105,0
70106,0
70107,0
70108,0
70109,0
70110,0
70111,0
70114,0
70115,0
70116,0
70117,0
70118,0
70119,0
70120,0
70121,0
70122,0
70123,0
70124,0
70125,0
70126,0
70127,0
70128,0
70129,0
70130,0
70131,0
70132,0
70133,0
70134,0
70135,0
70136,0
70137,0
70138,0
70139,0
70140,0
70141,0
70142,0
70143,0
70144,0
70145,0
70146,0
70147,0
70148,0
70149,0
70150,0
70151,0
70152,0
70153,0
70154,0
70155,0
70156,0
70157,0
70158,0
70159,0
70160,0
70161,0
70162,0
70163,0
70164,0
70165,1
70166,0
70167,0
70168,2
70169,0
70170,0
70171,0
70172,0
70173,0
70174,0
70175,0
70176,0
70177,0
70178,0
70179,0
70180,0
70181,0
70182,0
70183,0
70184,0
70185,0
70186,0
70187,0
70188,0
70189,0
70190,0
70191,0
70192,0
70193,0
70194,0
70195,0
70196,0
70197,0
70198,0
70199,0
70200,0
70201,0
70202,0
70203,0
70204,0
70205,0
70206,0
70207,0
70208,0
70209,0
70210,0
70211,0
70212,0
70213,0
70214,0
70215,0
70216,0
70217,0
70218,0
70219,0
70220,0
70221,0
70222,0
70223,0
70224,0
70225,0
70226,0
70227,0
70228,0
70229,0
70230,0
70231,0
70232,0
70233,6
70234,0
70235,0
70236,0
70237,0
70238,0
70239,0
70240,0
70241,0
70242,0
70243,0
70244,0
70245,0
70246,0
70247,0
70248,6
70249,0
70250,0
70251,0
70252,0
70253,0
70254,0
70255,0
70256,0
70257,0
70258,0
70259,0
70260,0
70261,0
70262,0
70263,0
70264,0
70265,0
70266,0
70267,0
70268,0
70269,0
70270,0
70271,0
70272,0
70273,0
70274,0
70275,0
70276,0
70277,1
70278,0
70279,0
70280,0
70281,0
70282,0
70283,0
70284,0
70285,0
70286,0
70287,0
70288,0
70289,0
70290,0
70291,0
70292,0
70293,0
70294,0
70295,0
70296,0
70297,0
70298,0
70299,0
70300,0
70301,0
70302,0
70303,0
70304,0
70305,0
70306,0
70307,0
70308,0
70309,0
70310,0
70311,0
70312,0
70313,0
70314,0
70315,0
70316,0
70317,0
70318,0
70319,0
70320,0
70321,0
70322,0
70323,0
70324,0
70325,0
70326,0
70327,0
70328,0
70329,0
70330,0
70331,0
70332,0
70333,0
70334,0
70335,0
70336,0
70337,0
70338,0
70339,0
70340,0
70341,0
70342,0
70343,0
70344,0
70345,0
70346,0
70347,12
70348,0
70349,0
70350,0
70351,0
70352,0
70353,0
70354,0
70355,0
70356,0
70357,0
70358,0
70359,0
70360,0
70361,0
70362,0
70363,0
70364,0
70365,0
70366,0
70367,0
70368,0
70369,0
70370,0
70371,0
70372,0
70373,0
70374,0
70375,0
70376,0
70377,0
70378,0
70379,0
70380,0
70381,0
70382,0
70383,0
70384,0
70385,0
70386,0
70387,0
70388,0
70389,0
70390,0
70391,0
70392,0
70393,0
70394,0
70395,0
70396,0
70397,0
70398,0
70399,0
70400,0
70401,0
70402,0
70403,0
70404,0
70405,5
70406,0
70407,0
70408,0
70409,0
70410,0
70411,0
70412,0
70413,0
70414,0
70415,0
70416,0
70417,0
70418,0
70419,0
70420,0
70421,0
70422,0
70423,0
70424,0
70425,0
70426,0
70427,0
70428,0
70429,0
70430,0
70431,0
70432,0
70433,0
70434,0
70435,0
70436,0
70437,0
70438,0
70439,0
70440,0
70441,0
70442,0
70443,0
70444,0
70445,0
70446,0
70447,0
70448,0
70449,0
70450,0
70451,0
70452,0
70453,0
70454,0
70455,0
70456,0
70457,0
70458,0
70459,0
70460,0
70461,0
70462,0
70463,0
70464,0
70465,0
70466,0
70467,0
70468,0
70469,0
70470,0
70471,0
70472,0
70473,0
70474,0
70475,0
70476,0
70477,0
70478,0
70479,0
70480,0
70481,0
70482,18
70483,0
70484,0
70485,0
70486,0
70487,0
70488,0
70489,0
70490,0
70491,0
70492,0
70493,0
70494,0
70495,0
70496,0
70497,0
70498,0
70499,0
70500,0
70501,0
70502,0
70503,0
70504,0
70505,0
70506,0
70507,0
70508,0
70509,0
70510,0
70511,0
70512,0
70513,0
70514,0
70515,0
70516,0
70517,0
70518,0
70519,0
70520,0
70521,0
70522,0
70523,0
70524,0
70525,0
70526,0
70527,0
70528,0
70529,0
70530,0
70531,0
70532,0
70533,0
70534,0
70535,0
70536,0
70537,0
70538,0
70539,0
70540,0
70541,0
70542,19
70543,0
70544,0
70545,0
70546,0
70547,0
70548,0
70549,0
70550,0
70551,0
70552,0
70553,0
70554,0
70555,0
70556,0
70557,0
70558,0
70559,0
70560,0
70561,0
70562,0
70563,0
70564,0
70565,0
70566,0
70567,0
70568,0
70569,0
70570,0
70571,0
70572,0
70573,0
70574,0
70575,0
70576,0
70577,0
70578,0
70579,0
70580,0
70581,0
70582,0
70583,0
70584,0
70585,0
70586,0
70587,0
70588,0
70589,0
70590,0
70591,0
70592,0
70593,0
70594,0
70595,0
70596,0
70597,0
70598,0
70599,0
70600,0
70601,0
70602,0
70603,0
70604,0
70605,0
70606,0
70607,0
70608,0
70609,0
70610,0
70611,0
70612,0
70615,0
70616,0
70617,0
70618,0
70619,0
70620,0
70621,0
70622,0
70623,0
70624,0
70625,0
70626,0
70627,0
70628,0
70629,0
70630,0
70631,0
70632,0
70633,0
70634,0
70635,0
70636,0
70637,0
70638,0
70639,0
70640,0
70641,0
70642,0
70643,0
70644,0
70645,0
70646,0
70647,0
70648,12
70749,0
70750,0
70751,0
70752,0
70753,0
70754,0
70755,0
70756,0
70757,0
70758,0
70759,0
70760,0
70761,2
70762,2
70763,1
70764,0
70765,0
70766,0
70767,0
70768,0
70769,0
70770,0
70771,0
70772,0
70773,0
70774,0
70775,0
70776,0
70777,3
70778,1
70779,0
70780,0
70781,0
70782,0
70783,0
70784,0
70785,0
70786,0
70787,0
70788,0
70789,0
70790,0
70791,0
70792,0
70793,0
70794,0
70795,0
70796,0
70797,0
70798,0
70799,0
70800,0
70801,0
70802,0
70803,0
70804,0
70805,0
70806,0
70807,0
70808,0
70809,0
70810,0
70811,0
70812,0
70813,0
70814,0
70815,0
70816,0
70817,0
70818,0
70819,0
70820,0
70821,0
70823,0
70824,0
70825,0
70826,0
70827,0
70828,0
70829,0
70830,0
70831,0
70832,0
70833,0
70834,0
70835,0
70836,0
70837,0
70838,0
70839,0
70840,0
70841,0
70842,0
70843,0
70844,0
70845,0
70846,0
70847,0
70848,0
70849,0
70850,0
70851,0
70852,0
70853,0
70854,0
70855,0
70856,0
70857,0
70858,0
70859,0
70860,0
70861,0
70862,0
70863,0
70864,0
70865,0
70866,0
70867,0
70868,0
70869,0
70870,0
70871,0
70872,0
70873,0
70874,0
70875,0
70877,0
70878,0
70879,0
70880,0
70881,0
70882,0
70883,0
70884,0
70885,0
70886,0
70887,0
70888,0
70889,0
70890,0
70891,0
70892,0
70893,0
70894,0
70895,0
70896,0
70897,0
70898,0
70899,0
70900,0
70901,0
70902,0
70903,0
70904,0
70905,0
70906,0
70907,0
70908,0
70909,0
70910,0
70911,0
70912,0
70913,0
70914,0
70915,0
70916,0
70917,0
70918,0
70920,0
70921,0
70922,2
70923,0
70924,0
70925,0
70926,0
70927,0
70928,0
70929,0
70930,0
70931,0
70932,0
70933,0
70934,0
70935,0
70936,0
70937,0
70938,0
70939,0
70940,0
70941,0
70942,0
70943,0
70944,0
70945,0
70946,0
70947,0
70948,0
70949,0
70950,0
70951,0
70952,0
70953,0
70954,0
70955,0
70956,0
70957,0
70958,0
70959,0
70960,0
70961,0
70962,0
70963,0
70964,0
70965,0
70966,0
70967,0
70968,0
70969,0
70970,0
70971,0
70972,0
70973,0
70974,0
70975,1
70976,2
70977,2
70978,0
70979,0
70980,0
70981,0
70982,0
70983,0
70984,0
70985,0
70986,0
70987,0
70988,0
70989,0
70990,0
70991,1
70992,0
70993,0
70994,0
70995,0
70996,0
70997,0
70998,0
70999,0
71000,0
71001,0
71002,0
71003,0
71004,0
71005,0
71006,0
71007,0
71008,0
71009,0
71010,0
71011,0
71012,0
71013,0
71014,0
71015,0
71016,0
71017,0
71018,0
71019,0
71020,0
71021,0
71022,0
71023,0
71024,0
71025,0
71026,0
71027,0
71028,0
71029,0
71030,0
71031,0
71032,0
71033,0
71034,0
71035,0
71036,0
71037,0
71038,0
71039,0
71040,0
71041,0
71042,0
71043,0
71044,0
71045,0
71046,0
71047,0
71048,0
71049,0
71050,0
71051,0
71052,0
71053,0
71054,1
71055,0
71056,0
71057,0
71058,0
71059,1
71060,0
71061,0
71062,0
71063,0
71064,0
71065,0
71066,0
71067,2
71068,2
71069,0
71070,0
71071,0
71072,0
71073,0
71074,0
71075,0
71076,0
71077,0
71078,0
71079,0
71080,0
71081,0
71082,0
71083,0
71084,0
71085,0
71086,0
71087,0
71088,0
71089,1
71090,0
71091,0
71092,0
71093,0
71094,0
71095,0
71096,0
71097,1
71098,0
71099,0
71100,0
71101,0
71102,0
71103,0
71104,0
71105,0
71106,0
71107,0
71108,0
71109,0
71110,0
71111,0
71112,0
71113,0
71114,0
71115,0
71116,0
71117,0
71118,0
71119,0
71120,0
71121,0
71122,1
71123,0
71124,1
71125,0
71126,0
71127,0
71128,0
71129,0
71130,0
71131,0
71132,0
71133,0
71134,0
71135,0
71136,0
71137,0
71138,0
71139,0
71140,0
71141,0
71142,0
71143,0
71144,0
71145,0
71146,0
71147,0
71148,0
71149,0
71150,0
71151,0
71152,0
71153,0
71154,0
71155,0
71156,1
71157,0
71158,0
71159,0
71160,0
71161,0
71162,0
71163,0
71164,0
71165,0
71166,0
71167,0
71168,0
71169,0
71170,0
71171,0
71172,0
71173,0
71174,0
71175,0
71176,0
71177,0
71178,0
71179,0
71180,0
71181,0
71182,0
71183,0
71184,0
71185,0
71186,0
71187,0
71188,2
71189,0
71190,0
71191,0
71192,0
71193,0
71194,0
71195,0
71196,0
71197,0
71198,0
71199,0
71200,0
71201,13
71202,1
71203,0
71204,0
71205,0
71206,0
72001,0
72002,0
72003,0
72004,0
72005,0
72006,0
72007,0
72008,0
72009,0
72010,0
72011,0
72012,0
72013,1
72014,0
72015,3
72016,7
72017,12
72018,0
72019,13
72020,0
72021,0
72022,1
72023,0
72024,0
72025,0
72026,0
72027,0
72028,6
72029,0
72030,3
72031,0
72032,1
72033,0
72034,16
72035,0
72036,0
72037,0
72038,0
72039,0
72040,0
72041,0
72042,2
72043,0
72044,0
72045,0
72046,0
72047,1
72048,1
72049,0
72050,0
72051,1
72052,0
72053,0
72054,0
72055,0
72056,0
72057,0
72058,0
72059,0
72060,1
72061,2
72062,0
72063,1
72065,0
72066,0
72067,0
72068,0
72069,0
72070,0
72071,0
72072,0
72073,0
72074,0
72075,0
72076,0
72077,0
72078,0
72079,0
72080,0
72081,0
72082,0
72083,0
72084,0
72085,0
72086,0
72087,0
72088,0
72089,0
72090,0
72091,0
72092,4
72093,0
72094,0
72095,0
72096,3
72097,0
72098,0
72099,0
72100,0
72101,1
72102,0
72103,1
72104,0
72105,0
72106,0
72107,0
72108,0
72109,0
72110,0
72111,0
72112,0
72113,0
72114,0
72115,1
72116,0
72117,0
72118,0
72119,0
72120,0
72121,0
72122,1
72123,0
72124,0
72125,0
72126,0
72127,0
72128,0
72129,0
72130,0
72131,0
72132,0
72133,1
72134,1
72135,0
72136,0
72137,0
72138,0
72139,3
72140,2
72141,0
72142,0
72143,0
72144,3
72145,3
72146,5
72147,3
72148,1
72149,2
72150,1
72151,0
72152,0
72153,0
72154,0
72155,0
72156,0
72157,0
72158,1
72159,0
72160,0
72161,0
72162,0
72163,0
72164,0
72165,0
72166,0
72167,0
72168,0
72169,0
72170,0
72171,0
72172,0
72173,0
72174,0
72175,0
72176,0
72177,0
72178,0
72179,0
72180,0
72181,0
72182,0
72183,1
72184,0
72185,0
72186,0
72187,0
72188,0
72189,0
72190,0
72191,1
72192,0
72193,0
72194,0
72195,0
72196,0
72197,0
72198,1
72199,1
72200,0
72201,0
72202,0
72203,0
72204,0
72205,0
72206,0
72207,0
72208,0
72209,0
72210,0
72211,2
72212,2
72213,0
72214,0
72215,0
72216,3
72217,3
72218,3
72219,2
72220,0
72221,0
72222,0
72223,0
72224,6
72225,3
72226,4
72227,0
72228,0
72229,0
72230,1
72231,2
72232,1
72233,0
72234,2
72235,2
72236,0
72237,0
72238,0
72239,0
72240,0
72241,0
72242,0
72243,0
72244,5
72245,0
72246,1
72247,0
72248,2
72249,0
72250,0
72251,0
72252,0
72253,0
72254,0
72255,0
72256,4
72257,2
72258,0
72259,0
72260,0
72261,0
72262,0
72263,0
72264,0
72265,0
72266,0
72267,0
72268,0
72269,2
72270,4
72271,0
72272,0
72273,0
72274,14
72275,0
72276,0
72277,0
72278,0
72279,0
72280,10
72281,0
72282,0
72283,0
72284,0
72285,0
72286,0
72287,0
72288,3
72289,0
72290,0
72291,0
72292,0
72293,0
72294,0
72295,11
72296,0
72297,0
72298,0
72299,0
72300,0
72301,1
72302,3
72303,1
72304,1
72305,0
72306,5
72307,0
72308,0
72309,0
72310,0
72311,0
72312,0
72313,0
72314,0
72315,0
72316,0
72317,0
72318,0
72319,3
72320,0
72321,0
72322,0
72323,2
72324,0
72325,0
72326,0
72327,0
72328,2
72329,0
72330,0
72331,0
72332,1
72333,0
72334,0
72335,0
72336,0
72337,0
72338,0
72339,0
72340,0
72341,3
72342,2
72343,0
72344,0
72345,0
72346,0
72347,0
72348,0
72349,0
72350,0
72351,0
72352,0
72353,0
72354,0
72355,0
72356,0
72357,0
72358,0
72359,0
72360,0
72361,0
72362,0
72363,0
72364,0
72365,0
72366,0
72367,0
72368,0
72369,0
72370,7
72371,8
72372,0
72373,0
72374,0
72375,0
72376,0
72377,0
72378,0
72379,0
72380,0
72381,0
72382,0
72383,0
72384,0
72385,0
72386,4
72387,0
72388,0
72389,0
72390,0
72391,0
72392,0
72393,0
72394,0
72395,0
72396,0
72397,0
72398,1
72399,0
72400,0
72401,0
72402,0
72403,0
72404,0
72405,0
72406,0
72407,0
72408,0
72409,0
72410,1
72411,3
72412,0
72413,0
72414,0
72415,3
72416,0
72417,10
72418,0
72419,5
72420,0
72421,0
72422,0
72423,0
72424,0
72425,0
72426,0
72427,0
72428,0
72429,0
72430,0
72431,0
72432,0
72433,0
72434,0
72435,0
72436,0
72437,0
72438,0
72439,0
72440,0
72441,0
72442,0
72443,0
72444,0
72445,0
72446,0
72447,4
72448,0
72449,7
72450,10
72451,0
72452,2
72453,0
72454,0
72455,0
72456,0
72457,8
72458,0
72459,0
72460,0
72461,12
72462,0
72463,0
72464,12
72465,0
72466,0
72467,0
72468,0
72469,0
72470,0
72471,5
72472,0
72473,8
72474,0
72475,0
72476,0
72477,0
72478,0
72479,0
72480,0
72481,0
72482,0
72483,0
72484,0
72485,0
72486,0
72487,0
72488,0
72489,0
72490,0
72491,0
72492,3
72493,0
72494,3
72495,3
72496,1
72497,3
72498,1
72499,0
72500,3
72501,2
72502,0
72503,4
72504,0
72505,0
72506,1
72507,0
72508,0
72509,2
72510,1
72511,10
72512,4
72513,0
72514,0
72515,0
72516,0
72517,0
72518,0
72519,0
72520,0
72521,0
72522,0
72523,0
72524,0
72525,0
72526,0
72527,0
72528,0
72529,0
72530,0
72531,0
72532,4
72533,0
72534,0
72535,0
72536,0
72537,0
72538,0
72539,0
72540,0
72541,0
72542,0
72543,0
72544,0
72545,0
72546,0
72547,10
72548,0
72549,0
72550,0
72551,0
72552,0
72553,2
72554,0
72555,0
72556,0
72557,0
72558,0
72559,0
72560,0
72561,0
72562,0
72563,0
72564,0
72565,0
72566,0
72567,0
72568,0
72569,0
72570,0
72571,0
72572,0
72573,0
72574,0
72575,0
72576,0
72577,0
72578,0
72579,0
72580,46
72581,38
72582,10
72583,24
72584,0
72585,0
72586,0
72587,0
72588,0
72589,0
72590,0
72591,0
72592,0
72593,0
72594,0
72595,0
72596,0
72597,0
72598,0
72599,0
72600,0
72601,0
72602,0
72603,0
72604,0
72605,0
72606,0
72607,0
72608,0
72609,0
72610,0
72611,0
72612,0
72613,0
72614,0
72615,0
72616,0
72617,0
72618,0
72619,3
72620,0
72621,0
72622,0
72623,0
72624,0
72625,0
72626,12
72627,0
72628,0
72629,0
72630,0
72631,0
72632,0
72633,0
72634,0
72635,0
72636,0
72637,0
72638,0
72639,0
72640,0
72641,0
72642,0
72643,0
72644,0
72645,0
72646,0
72647,0
72648,0
72649,0
72650,0
72651,0
72652,3
72653,0
72654,0
72655,0
72656,0
72657,1
72658,1
72659,0
72660,0
72661,0
72662,0
72663,0
72664,0
72665,0
72666,0
72667,0
72668,0
72669,0
72670,0
72671,0
72672,0
72673,0
72674,0
72675,0
72676,0
72677,5
72678,0
72679,2
72680,0
72681,0
72682,0
72683,1
72684,0
72685,0
72686,0
72687,0
72688,0
72689,5
72690,6
72691,0
72692,0
72693,0
72694,0
72695,0
72696,0
72697,0
72698,0
72699,0
72700,0
72701,0
72702,0
72703,0
72704,0
72705,0
72706,0
72707,0
72708,0
72709,0
72710,0
72711,0
72712,0
72713,0
72714,0
72715,0
72716,0
72717,4
72718,18
72719,0
72720,0
72721,0
72722,0
72723,0
72724,0
72725,0
72726,0
72727,0
72728,0
72729,0
72730,1
72731,0
72732,0
72733,0
72734,0
72735,0
72736,0
72737,0
72738,0
72739,0
72740,0
72741,0
72742,0
72743,0
72744,0
72745,0
72746,0
72747,0
72748,0
72749,0
72750,0
72751,0
72752,0
72753,0
72754,0
72755,0
72756,0
72757,0
72758,0
72759,0
72760,0
72761,0
72762,0
72763,0
72764,0
72765,0
72766,0
72767,0
72768,0
72769,0
72770,0
72771,0
72772,0
72773,0
72774,0
72775,0
72776,0
72777,0
72778,0
72779,0
72780,0
72781,0
72782,0
72783,0
72784,0
72785,0
72786,0
72787,0
72788,0
72789,0
72790,0
72791,0
72792,0
72793,3
72794,0
72795,1
72796,0
72797,2
72798,3
72799,0
72800,5
72801,4
72802,1
72803,0
72804,13
72805,2
72806,0
72807,3
72808,2
72809,3
72810,0
72811,2
72812,0
72813,2
72814,0
72815,4
72816,3
72817,3
72818,0
72819,0
72820,1
72821,3
72822,1
72823,3
72824,0
72825,0
72826,0
72827,0
72828,0
72829,0
72830,0
72831,0
72832,0
72833,0
72834,0
72835,0
72836,0
72837,0
72838,0
72839,0
72840,2
72841,1
72842,2
72843,7
72844,1
72845,2
72846,0
72847,0
72848,3
72849,6
72850,0
72851,0
72852,0
72853,0
72854,0
72855,0
72856,0
72857,0
72858,2
72859,0
72860,0
72861,0
72862,0
72863,0
72864,0
72865,0
72866,0
72867,6
72868,3
72869,3
72870,5
72871,6
72872,0
72873,0
72874,0
72875,0
72876,0
72877,0
72878,0
72879,0
72880,0
72881,0
72882,0
72883,3
72884,0
72885,0
72886,0
72887,0
72888,0
72889,0
72890,0
72891,0
72892,0
72893,0
72894,0
72895,0
72896,0
72897,0
72898,0
72899,0
72900,0
72901,0
72902,0
72903,0
72904,0
72905,0
72906,0
72907,0
72908,0
72909,0
72910,0
72911,0
72912,0
72913,0
72914,0
72915,0
72916,11
72917,0
72918,0
72919,0
72920,0
72921,0
72922,0
72923,0
72924,6
72925,1
72926,0
72927,0
72928,0
72929,1
72930,0
72931,0
72932,0
72933,0
72934,0
72935,0
72936,10
72937,0
72938,0
72939,0
72940,0
72941,0
72942,0
72943,0
72944,0
72945,0
72946,0
72947,0
72948,0
72949,0
72950,0
72951,0
72952,0
72953,0
72954,0
72955,0
72956,0
72957,0
72958,0
72959,0
72960,0
72961,0
72962,0
72963,0
72964,0
72965,0
72966,0
72967,0
72968,0
72969,0
72970,0
72971,0
72972,4
72973,5
72974,0
72975,0
72976,0
72977,0
72978,0
72979,0
72980,0
72981,0
72982,0
72983,0
72984,0
72985,0
72986,0
72987,0
72988,0
72989,0
72990,0
72991,11
72992,0
72993,0
72994,0
72995,0
72996,0
72997,0
72998,0
72999,0
73000,0
73001,0
73002,0
73003,0
73004,0
73005,0
73006,0
73007,0
73008,0
73009,0
73010,0
73011,0
73012,0
73013,1
73014,0
73015,0
73016,0
73017,0
73018,0
73019,0
73020,0
73021,0
73022,0
73023,0
73024,0
73025,0
73026,0
73027,0
73028,0
73029,0
73030,2
73031,0
73032,0
73033,0
73034,0
73035,0
73036,0
73037,0
73038,0
73039,0
73040,0
73041,0
73042,0
73043,2
73044,0
73045,2
73046,0
73047,0
73048,0
73049,0
73050,0
73051,0
73052,0
73053,0
73054,0
73055,0
73056,0
73057,0
73058,0
73059,0
73060,0
73061,0
73062,0
73063,0
73064,0
73065,0
73066,1
73067,0
73068,0
73069,0
73070,0
73071,0
73072,0
73073,0
73074,0
73075,0
73076,0
73077,0
73078,0
73079,0
73080,0
73081,0
73082,0
73083,0
73084,0
73085,0
73086,0
73087,0
73088,0
73089,0
73090,0
73091,0
73092,0
73093,0
73094,0
73095,3
73096,0
73097,0
73098,0
73099,0
73100,0
73101,0
73102,17
73103,0
73104,0
73105,0
73106,0
73107,0
73108,0
73109,0
73110,0
73111,0
73112,1
73113,0
73114,0
73115,0
73116,0
73117,0
73118,0
73119,0
73120,0
73121,0
73122,0
73123,7
73124,0
73125,0
73126,0
73127,0
73128,0
73129,0
73130,2
73131,3
73132,1
73133,0
73134,0
73135,0
73136,0
73137,0
73138,0
73139,0
73140,0
73141,0
73142,0
73143,0
73144,0
73145,0
73146,0
73147,0
73148,3
73149,0
73150,2
73151,0
73152,0
73153,0
73154,0
73155,0
73156,0
73157,0
73158,0
73159,0
73160,0
73161,0
73162,0
73163,0
73164,0
73165,0
73166,1
73167,0
73168,0
73169,0
73170,0
73171,3
73172,0
73173,3
73174,0
73175,0
73176,0
73177,0
73178,0
73179,0
73180,0
73181,0
73182,0
73183,0
73184,0
73185,0
73186,0
73187,0
73188,0
73189,0
73190,0
73191,0
73192,0
73193,0
73194,0
73195,0
73196,3
73197,0
73198,0
73199,0
73200,0
73201,0
73202,0
73203,0
73204,0
73205,0
73206,0
73207,0
73208,0
73209,0
73210,0
73211,0
73212,0
73213,2
73214,1
73215,0
73216,0
73217,0
73218,0
73219,0
73220,0
73221,0
73222,2
73223,1
73224,0
73225,0
73226,0
73227,0
73228,0
73229,0
73230,0
73231,0
73232,0
73233,0
73234,0
73235,0
73236,0
73237,8
73238,0
73239,0
73240,0
73241,0
73242,0
73243,0
73244,0
73245,0
73246,0
73247,0
73248,0
73249,0
73250,0
73251,0
73252,0
73253,0
73254,0
73255,0
73256,0
73257,0
73258,0
73259,0
73260,0
73261,0
73262,0
73263,0
73264,0
73265,0
73266,0
73267,0
73268,0
73269,0
73270,0
73271,0
73272,0
73273,0
73274,0
73275,0
73276,0
73277,17
73278,0
73279,7
73280,0
73281,0
73282,0
73283,1
73284,0
73285,0
73286,0
73287,0
73288,0
73289,0
73290,0
73291,0
73292,0
73293,0
73294,0
73295,0
73296,0
73297,0
73298,0
73299,0
73300,0
73301,0
73302,2
73303,0
73304,0
73305,0
73306,0
73307,0
73308,0
73309,0
73310,0
73311,0
73312,0
73313,0
73314,0
73315,0
73316,0
73317,0
73318,0
73319,0
73320,0
73321,0
73322,0
73323,10
73324,0
73325,0
73326,0
73327,0
73328,0
73329,0
73330,0
73331,0
73332,0
73333,0
73334,0
73335,0
73336,0
73337,0
73338,0
73339,0
73340,0
73341,0
73342,0
73343,0
73344,0
73345,0
73346,0
73347,0
73348,0
73349,0
73350,0
73351,0
73352,0
73353,0
73354,0
73355,2
73356,11
73357,6
73358,0
73359,0
73360,0
73361,0
73362,6
73363,0
73364,0
73365,0
73366,0
73367,0
73368,0
73369,1
73370,0
73371,0
73372,0
73373,2
73374,0
73375,0
73376,0
73377,0
73378,0
73379,0
73380,0
73381,0
73382,0
73383,0
73384,0
73385,0
73386,0
73387,0
73388,2
73389,0
73390,0
73391,0
73392,0
73393,0
73394,0
73395,0
73396,1
73397,1
73398,0
73399,0
73400,0
73401,0
73402,0
73403,0
73404,0
73405,0
73406,0
73407,0
73408,0
73409,0
73410,5
73411,5
73412,1
73413,0
73414,0
73415,0
73416,0
73417,0
73418,0
73419,0
73420,0
73421,0
73422,0
73423,0
73424,0
73425,0
73426,5
73427,0
73428,0
73429,0
73430,5
73431,0
73432,0
73433,0
73434,0
73435,0
73436,0
73437,0
73438,0
73439,1
73440,3
73441,0
73442,0
73443,0
73444,0
73445,0
73446,0
73447,1
73448,0
73449,0
73450,0
73451,0
73452,0
73453,0
73454,0
73455,0
73456,0
73457,0
73458,0
73459,0
73460,0
73461,0
73462,0
73463,0
73464,0
73465,7
73466,0
73467,0
73468,27
73469,1
73470,0
73471,0
73472,0
73473,0
73474,0
73475,0
73476,1
73477,0
73478,0
73479,0
73480,0
73481,0
73482,0
73483,0
73484,0
73485,0
73486,0
73487,0
73488,0
73489,0
73490,0
73491,0
73492,0
73493,0
73494,0
73495,0
73496,0
73497,0
73498,0
73499,0
73500,0
73501,0
73502,0
73503,0
73504,0
73505,0
73506,0
73507,0
73508,0
73509,0
73510,0
73511,0
73512,0
73513,0
73514,0
73515,0
73516,0
73517,0
73518,0
73519,0
73520,4
73521,5
73522,0
73523,0
73524,0
73525,0
73526,0
73527,14
73528,0
73529,0
73530,0
73531,0
73532,0
73533,0
73534,0
73535,0
73536,0
73537,6
73538,0
73539,0
73540,0
73541,0
73542,2
73543,0
73544,21
73545,0
73546,0
73547,0
73548,0
73549,0
73550,0
73551,2
73552,0
73553,0
73554,0
73555,0
73556,0
73557,0
73558,0
73559,0
73560,0
73561,0
73562,1
73563,0
73564,0
73565,0
73566,2
73567,0
73568,0
73569,0
73570,0
73571,0
73572,0
73573,0
73574,0
73575,0
73576,0
73577,0
73578,0
73579,0
73580,0
73581,0
73582,0
73583,0
73584,0
73585,0
73586,0
73587,0
73588,0
73589,0
73590,0
73591,0
73592,0
73593,0
73594,0
73595,0
73596,0
73597,0
73598,7
73599,1
73600,0
73601,7
73602,1
73603,0
73604,0
73605,0
73606,0
73607,0
73608,1
73609,0
73610,0
73611,0
73612,0
73613,0
73614,6
73615,0
73616,0
73617,0
73618,8
73619,0
73620,9
73621,0
73622,0
73623,0
73624,0
73625,0
73626,1
73627,0
73628,0
73629,0
73630,0
73631,1
73632,1
73633,0
73634,0
73635,0
73636,0
73637,0
73638,0
73639,0
73640,0
73641,0
73642,0
73643,0
73644,0
73645,0
73646,0
73647,0
73648,0
73649,2
73650,0
73651,0
73652,0
73653,0
73654,0
73655,0
73656,0
73657,0
73658,0
73659,0
73660,0
73661,11
73662,0
73663,0
73664,0
73665,0
73666,2
73667,3
73668,3
73669,2
73670,2
73671,2
73672,1
73673,0
73674,0
73675,0
73676,0
73677,0
73678,0
73679,0
73680,0
73681,0
73682,0
73683,0
73684,0
73685,3
73686,3
73687,0
73688,0
73689,0
73690,0
73691,0
73692,0
73693,0
73694,0
73695,0
73696,0
73697,0
73698,0
73699,0
73700,0
73701,0
73702,0
73703,0
73704,0
73705,0
73706,0
73707,0
73708,0
73709,0
73710,0
73711,0
73712,0
73713,0
73714,0
73715,0
73716,3
73717,6
73718,1
73719,3
73720,0
73721,0
73722,4
73723,4
73724,0
73725,0
73726,0
73727,0
73728,0
73729,0
73730,0
73731,0
73732,0
73733,0
73734,0
73735,0
73736,0
73737,0
73738,0
73739,0
73740,0
73741,0
73742,0
73743,0
73744,0
73745,0
73746,0
73747,0
73748,0
73749,0
73750,0
73751,0
73752,0
73753,0
73754,0
73755,0
73756,0
73757,0
73758,0
73759,0
73760,0
73761,0
73762,0
73763,16
73764,7
73765,14
73766,3
73767,0
73768,0
73769,0
73770,0
73771,0
73772,0
73773,0
73774,0
73775,0
73776,0
73777,0
73778,0
73779,0
73780,0
73781,0
73782,0
73783,0
73784,0
73785,0
73786,0
73787,5
73788,1
73789,0
73790,0
73791,0
73792,0
73793,0
73794,0
73795,0
73796,0
73797,0
73798,0
73799,0
73800,0
73801,0
73802,0
73803,0
73804,0
73805,0
73806,0
73807,0
73808,0
73809,0
73810,1
73811,2
73812,1
73813,3
73814,2
73815,2
73816,1
73817,4
73818,1
73819,2
73820,0
73821,0
73822,0
73823,0
73824,0
73825,0
73826,0
73827,0
73828,0
73829,0
73830,0
73831,0
73832,0
73833,0
73834,0
73835,0
73836,0
73837,0
73838,0
73839,0
73840,0
73841,0
73842,3
73843,3
73844,1
73845,0
73846,0
73847,0
73848,0
73849,0
73850,0
73851,0
73852,0
73853,1
73854,0
73855,0
73856,1
73857,0
73858,0
73859,0
73860,0
73861,0
73862,0
73863,0
73864,0
73865,0
73866,1
73867,0
73868,0
73869,0
73870,0
73871,0
73872,0
73873,0
73874,0
73875,0
73876,0
73877,0
73878,0
73879,0
73880,2
73881,0
73882,0
73883,6
73884,0
73885,0
73886,14
73887,0
73888,0
73889,0
73890,0
73891,0
73892,0
73893,0
73894,0
73895,0
73896,0
73897,0
73898,6
73899,0
73900,0
73901,0
73902,0
73903,0
73904,0
73905,0
73906,0
73907,0
73908,0
73909,0
73910,0
73911,0
73912,0
73913,0
73914,0
73915,0
73917,5
73918,0
73919,0
73920,10
73921,-1
73922,0
73923,0
73924,0
73925,0
73926,0
73927,0
73928,0
73929,0
73930,0
73931,1
73932,0
73933,0
73934,0
73935,0
73936,0
73937,0
73938,0
73939,0
73940,0
73941,2
73942,1
73943,0
73944,0
73945,0
73946,0
73947,0
73948,0
73949,0
73950,0
73951,0
73952,0
73953,0
73954,0
73955,0
73956,0
73957,0
73958,0
73959,0
73960,0
73961,0
73962,0
73963,0
73964,0
73965,0
73966,0
73967,0
73968,0
73969,0
73970,0
73971,12
73972,0
73973,0
73974,0
73975,0
73976,0
73977,0
73978,1
73979,1
73980,0
73981,0
73982,0
73983,8
73984,0
73985,0
73986,0
73987,0
73988,0
73989,0
73990,0
73991,0
73992,0
73993,0
73994,0
73995,0
73996,0
73997,0
73998,1
73999,4
74000,2
74001,2
74002,1
74003,2
74004,0
74005,0
74006,0
74007,0
74008,0
74009,0
74010,0
74011,0
74012,0
74013,0
74014,0
74015,0
74016,1
74017,1
74018,1
74019,1
74020,1
74021,2
74022,0
74023,0
74024,0
74025,0
74026,0
74027,0
74028,0
74029,0
74030,0
74031,0
74032,0
74033,0
74034,0
74035,0
74036,0
74037,0
74038,0
74039,0
74040,0
74041,0
74042,0
74043,0
74044,0
74045,0
74046,2
74047,0
74048,0
74049,0
74050,0
74051,1
74052,0
74053,3
74054,2
74055,5
74056,0
74057,0
74058,0
74059,0
74060,0
74061,0
74062,0
74063,0
74064,0
74065,0
74066,0
74067,0
74068,0
74069,0
74070,0
74071,0
74073,0
74074,0
74075,0
74076,5
74077,0
74078,0
74079,0
74080,1
74081,2
74082,0
74083,0
74084,0
74085,0
74086,0
74087,0
74088,0
74089,7
74090,0
74091,1
74092,0
74093,0
74094,0
74095,0
74096,0
74097,0
74098,0
74099,0
74100,0
74101,2
74102,1
74103,0
74104,1
74105,1
74106,0
74107,0
74108,0
74109,0
74110,0
74111,0
74112,0
74113,0
74114,0
74115,0
74116,0
74117,0
74118,0
74119,0
74120,0
74121,0
74123,0
74124,0
74125,0
74126,0
74127,0
74128,0
74129,0
74130,1
74131,0
74132,0
74133,0
74134,0
74135,0
74136,1
74137,0
74138,0
74139,0
74140,0
74141,0
74142,2
74143,0
74144,0
74145,0
74146,3
74147,0
74148,0
74149,0
74150,0
74151,0
74152,1
74153,0
74154,0
74155,0
74156,0
74157,0
74158,3
74159,0
74160,0
74161,0
74162,0
74163,0
74164,0
74165,0
74166,0
74167,0
74168,0
74169,0
74170,0
74171,4
74172,0
74173,0
74174,0
74175,0
74176,0
74177,0
74178,0
74179,6
74180,1
74181,0
74182,0
74183,0
74184,0
74185,0
74186,0
74187,0
74188,0
74189,0
74190,0
74191,0
74192,0
74193,0
74194,0
74195,0
74196,0
74197,0
74198,0
74199,1
74200,0
74201,0
74202,0
74203,0
74204,12
74205,0
74206,0
74207,2
74208,0
74209,0
74210,0
74211,0
74212,0
74213,0
74214,0
74215,0
74216,0
74217,0
74218,1
74219,0
74220,0
74221,0
74222,0
74223,0
74224,3
74226,0
74227,0
74228,0
74229,0
74230,0
74231,0
74232,0
74233,0
74234,0
74235,0
74236,0
74237,0
74238,0
74239,0
74240,1
74241,0
74242,0
74243,0
74244,0
74245,0
74246,0
74247,0
74248,0
74249,0
74250,0
74251,0
74252,0
74253,0
74254,0
74255,0
74256,0
74257,0
74258,0
74259,0
74260,0
74261,0
74262,0
74263,0
74264,0
74265,0
74266,0
74267,0
74268,0
74269,0
74270,0
74271,0
74272,0
74273,0
74274,1
74275,1
74276,2
74277,2
74278,0
74279,0
74280,0
74281,0
74282,0
74283,0
74284,0
74285,0
74286,0
74287,0
74288,0
74289,0
74290,0
74291,0
74292,0
74293,0
74294,0
74295,0
74296,0
74297,1
74298,2
74299,0
74300,1
74301,1
74302,0
74303,0
74304,6
74305,0
74306,0
74307,0
74308,0
74309,0
74310,0
74311,0
74312,0
74313,3
74314,0
74315,0
74316,0
74317,0
74318,0
74319,0
74320,0
74321,0
74322,0
74323,2
74324,0
74325,0
74326,0
74327,0
74328,0
74329,10
74330,10
74331,2
74332,3
74333,0
74334,0
74335,1
74336,0
74337,0
74338,0
74339,0
74340,0
74341,0
74342,0
74343,0
74344,0
74345,0
74346,0
74347,0
74348,0
74349,4
74350,0
74351,1
74352,1
74353,3
74354,0
74355,0
74356,0
74357,0
74358,0
74359,0
74360,0
74361,2
74362,1
74363,1
74364,1
74365,0
74366,0
74367,6
74368,0
74369,0
74370,6
74371,0
74372,0
74373,0
74374,0
74375,0
74376,0
74377,0
74378,0
74379,0
74380,0
74381,0
74382,0
74383,0
74389,0
74390,0
74391,2
74392,2
74393,0
74394,0
74395,0
74396,0
74397,0
74398,0
74399,0
74400,0
74401,0
74402,0
74403,0
74404,0
74405,0
74406,0
74407,0
74408,0
74409,0
74410,0
74411,0
74412,0
74413,0
74414,0
74415,0
74416,0
74417,0
74418,0
74419,0
74420,0
74421,0
74422,0
74423,0
74424,2
74425,0
74426,0
74427,0
74428,0
74429,0
74430,0
74431,0
74432,0
74433,0
74434,4
74435,0
74436,0
74437,0
74438,0
74439,0
74440,0
74442,0
74443,0
74444,0
74445,0
74446,0
74447,0
74448,0
74449,0
74450,0
74451,0
74452,0
74453,0
74454,10
74455,0
74456,0
74457,0
74458,0
74459,0
74460,0
74461,0
74462,40
74463,24
74464,11
74465,11
74466,0
74467,0
74468,0
74469,0
74470,0
74471,0
74472,14
74473,0
74474,0
74475,0
74476,0
74477,0
74478,0
74479,0
74480,0
74481,0
74482,13
74483,0
74484,4
74485,0
74486,3
74487,1
74488,9
74489,5
74490,3
74491,3
74492,3
74493,0
74494,0
74495,0
74496,2
74497,1
74498,2
74499,3
74500,3
74501,0
74502,1
74503,0
74504,0
74505,1
74506,0
74507,3
74508,2
74509,6
74510,5
74511,0
74512,0
74513,0
74514,0
74515,0
74516,0
74517,0
74518,0
74519,0
74520,0
74521,0
74522,0
74523,0
74524,0
74525,0
74526,0
74527,0
74528,0
74529,0
74530,2
74531,1
74532,0
74533,0
74534,0
74535,0
74536,1
74537,1
74538,1
74539,2
74540,2
74541,0
74542,1
74543,0
74544,0
74545,0
74546,0
74547,0
74548,1
74549,0
74550,1
74551,0
74552,0
74553,0
74554,0
74555,0
74556,0
74557,0
74558,0
74559,0
74560,0
74561,0
74562,0
74563,0
74564,0
74565,0
74566,0
74567,0
74568,0
74569,0
74570,0
74571,0
74572,0
74573,0
74574,5
74575,5
74576,6
74577,1
74578,0
74579,1
74580,0
74581,0
74582,0
74583,0
74584,0
74585,0
74586,0
74587,0
74588,0
74589,1
74590,1
74591,0
74592,0
74593,0
74594,0
74595,0
74596,0
74597,0
74598,0
74599,0
74600,0
74601,0
74602,0
74603,0
74604,0
74605,2
74606,0
74607,0
74608,0
74609,0
74610,0
74611,0
74612,0
74613,0
74614,0
74615,0
74616,3
74617,0
74618,0
74619,0
74620,0
74621,0
74622,0
74623,0
74624,0
74625,0
74626,0
74627,0
74628,0
74629,0
74630,0
74631,0
74632,0
74633,0
74634,5
74635,3
74636,0
74637,8
74638,0
74639,1
74640,2
74641,0
74642,0
74643,3
74644,1
74645,0
74646,0
74647,0
74648,1
74649,1
74650,2
74651,2
74652,1
74653,0
74654,0
74655,4
74656,2
74657,0
74658,3
74659,0
74660,0
74661,0
74662,3
74663,4
74664,0
74665,0
74666,1
74667,0
74668,0
74669,-1
74670,0
74671,0
74672,0
74673,0
74674,0
74675,3
74676,0
74677,0
74678,0
74679,0
74680,0
74681,0
74682,0
74683,0
74684,0
74685,0
74686,0
74687,0
74688,0
74689,0
74690,0
74691,0
74692,0
74693,0
74694,0
74695,0
74696,0
74697,0
74698,0
74699,0
74700,0
74701,0
74702,0
74703,0
74704,0
74705,12
74706,0
74707,0
74708,0
74709,0
74710,0
74711,0
74712,0
74713,0
74714,0
74715,0
74716,0
74717,0
74718,0
74719,0
74720,0
74721,0
74722,0
74723,0
74724,1
74725,2
74726,2
74727,0
74728,0
74729,0
74730,0
74731,0
74732,0
74733,0
74734,0
74735,11
74736,0
74737,0
74738,0
74739,0
74740,0
74741,0
74742,-1
74743,0
74744,0
74745,0
74746,0
74747,0
74748,0
74749,0
74750,1
74751,1
74752,1
74753,0
74754,0
74755,12
74756,0
74757,1
74758,0
74759,0
74760,0
74761,1
74762,0
74763,0
74764,6
74765,0
74766,0
74767,0
74768,0
74769,0
74770,0
74771,0
74772,2
74773,0
74774,0
74775,3
74776,0
74777,0
74778,0
74779,0
74780,0
74781,5
74782,1
74783,3
74784,6
74785,6
74786,0
74787,0
74788,0
74789,6
74790,0
74791,0
74792,0
74793,0
74794,0
74795,0
74796,0
74797,0
74798,0
74799,0
74800,0
74801,0
74802,0
74803,0
74804,0
74805,0
74806,0
74807,0
74808,0
74809,0
74810,0
74811,0
74813,0
74814,0
74815,12
74816,0
74817,0
74818,0
74819,0
74820,0
74821,0
74822,0
74823,0
74824,0
74825,0
74826,0
74827,0
74829,0
74830,0
74831,0
74832,0
74833,0
74834,0
74835,0
74836,0
74837,0
74838,0
74839,0
74840,0
74841,0
74842,1
74843,4
74844,0
74846,1
74847,6
74848,1
74849,5
74852,0
74853,0
74854,0
74855,0
74856,0
74857,0
74858,1
74859,5
74860,0
74861,1
74862,0
74863,0
74864,4
74865,0
74866,3
74867,4
74868,6
74869,3
74870,5
74871,0
74872,0
74873,0
74874,1
74875,0
74876,0
74877,0
74878,0
74879,0
74880,0
74881,0
74882,0
74883,0
74884,11
74885,1
74886,2
74887,1
74888,3
74889,2
74890,0
74891,3
74892,0
74893,0
74894,0
74895,0
74896,0
74897,0
74898,0
74899,0
74900,0
74901,4
74902,3
74903,0
74904,0
74905,2
74906,2
74907,2
74908,0
74909,0
74910,0
74911,0
74912,0
74913,0
74914,0
74915,0
74916,1
74917,0
74918,0
74919,0
74920,0
74921,0
74922,0
74923,0
74924,0
74925,0
74926,0
74927,0
74928,0
74929,0
74930,0
74931,0
74932,0
74933,0
74934,0
74935,0
74936,0
74937,0
74938,12
74939,1
74940,1
74941,0
74942,0
74943,0
74944,0
74945,0
74946,0
74947,1
74948,1
74949,1
74950,2
74951,0
74952,0
74953,0
74954,0
74955,0
74956,0
74957,2
74958,0
74959,0
74960,3
74961,1
74962,5
74963,0
74964,1
74965,0
74966,0
74967,2
74968,0
74969,0
74970,0
74971,0
74972,2
74973,2
74974,0
74975,0
74976,0
74977,0
74978,0
74979,0
74980,1
74981,1
74982,6
74983,3
74984,1
74985,1
74986,0
74987,0
74988,0
74989,0
74990,0
74991,0
74992,0
74993,0
74994,0
74995,6
74996,1
74997,0
74998,0
74999,2
75000,0
75001,0
75002,0
75003,0
75004,0
75005,2
75006,0
75007,0
75008,0
75009,15
75010,0
75011,0
75012,0
75013,0
75014,0
75015,0
75016,0
75017,0
75018,0
75019,0
75020,0
75021,1
75022,0
75023,1
75024,1
75025,2
75026,2
75027,1
75028,1
75029,0
75030,0
75031,2
75032,1
75033,23
75034,0
75035,0
75036,0
75037,0
75038,3
75039,0
75040,0
75041,0
75042,2
75043,1
75044,1
75045,3
75046,3
75047,3
75048,0
75049,0
75050,0
75051,0
75052,0
75053,12
75054,2
75055,2
75056,6
75057,0
75058,3
75059,0
75060,3
75061,3
75062,1
75063,5
75064,3
75065,0
75066,0
75067,0
75068,0
75069,0
75070,0
75071,1
75072,0
75073,0
75074,3
75075,0
75076,0
75077,0
75078,0
75079,2
75080,0
75081,0
75082,0
75083,0
75084,0
75085,0
75086,0
75087,0
75088,12
75089,10
75090,0
75091,3
75092,0
75095,0
75096,0
75097,0
75098,0
75099,0
75100,0
75101,5
75102,0
75103,0
75104,0
75105,0
75106,0
75107,0
75108,0
75109,0
75110,0
75111,6
75112,0
75113,0
75114,0
75115,0
75116,0
75117,0
75118,2
75119,0
75120,0
75121,0
75122,0
75123,0
75124,0
75125,0
75126,0
75127,0
75128,2
75129,0
75130,18
75131,0
75132,3
75133,0
75134,6
75135,0
75136,0
75137,0
75138,0
75139,1
75140,0
75141,0
75142,0
75143,0
75144,0
75145,3
75146,4
75147,6
75148,0
75149,3
75150,0
75151,0
75152,2
75153,3
75154,9
75155,0
75156,0
75157,1
75158,1
75159,4
75160,4
75161,0
75162,0
75163,21
75164,0
75165,0
75166,0
75167,0
75168,8
75169,0
75170,5
75171,0
75172,0
75173,0
75174,0
75175,1
75176,0
75177,0
75178,0
75179,0
75180,0
75181,0
75182,0
75183,0
75184,0
75185,0
75186,0
75187,0
75188,2
75189,0
75190,0
75191,0
75192,0
75193,0
75194,0
75195,12
75196,0
75197,0
75198,0
75199,0
75200,0
75201,0
75202,0
75203,0
75204,1
75206,4
75207,0
75208,1
75209,9
75210,3
75211,3
75212,0
75213,2
75214,1
75215,2
75216,0
75217,3
75218,0
75219,1
75220,0
75221,1
75222,3
75223,3
75224,2
75225,3
75226,3
75227,3
75228,6
75229,2
75230,2
75231,0
75232,6
75233,3
75234,0
75235,6
75236,6
75237,0
75238,0
75239,0
75240,0
75241,0
75242,0
75243,0
75244,4
75245,0
75246,0
75247,0
75248,3
75249,0
75250,0
75251,2
75252,0
75253,0
75254,0
75255,0
75256,0
75257,0
75258,0
75259,0
75260,0
75261,1
75262,3
75263,1
75264,4
75265,1
75266,3
75267,1
75268,0
75269,0
75270,0
75271,0
75272,0
75273,0
75274,0
75275,0
75276,1
75277,2
75278,0
75279,0
75280,0
75281,0
75282,0
75283,0
75284,2
75285,0
75286,0
75287,0
75288,0
75289,0
75290,12
75291,9
75292,0
75293,11
75294,0
75295,0
75296,4
75297,0
75298,0
75299,0
75300,0
75301,0
75302,0
75303,0
75304,0
75305,2
75306,0
75307,0
75308,0
75309,2
75310,0
75311,0
75312,0
75313,0
75314,2
75315,1
75316,1
75317,1
75318,1
75319,0
75320,1
75321,1
75322,1
75323,0
75324,0
75325,0
75326,7
75327,0
75328,0
75329,0
75330,0
75331,0
75332,0
75333,0
75334,0
75335,0
75336,0
75337,0
75338,0
75339,0
75340,0
75341,0
75342,0
75343,0
75344,0
75345,1
75346,20
75347,0
75348,0
75349,0
75350,0
75351,2
75352,0
75353,0
75354,0
75355,0
75356,0
75357,0
75358,0
75359,0
75360,0
75361,1
75362,0
75363,0
75364,0
75365,0
75366,5
75367,3
75368,3
75369,0
75370,0
75371,0
75372,0
75373,0
75374,0
75375,0
75376,0
75377,1
75378,0
75379,0
75380,0
75381,0
75382,0
75383,2
75384,3
75385,1
75386,0
75387,0
75388,0
75389,0
75390,0
75391,0
75392,0
75393,4
75394,11
75395,1
75396,6
75397,0
75398,0
75399,0
75400,0
75401,0
75402,0
75403,0
75404,0
75405,0
75406,9
75407,0
75408,2
75409,0
75410,0
75411,0
75412,0
75413,0
75414,0
75415,0
75416,0
75417,0
75418,0
75419,0
75420,0
75421,0
75422,0
75423,0
75424,3
75425,0
75426,0
75427,2
75428,6
75429,6
75430,0
75431,1
75432,3
75433,0
75434,4
75435,3
75436,6
75437,0
75438,2
75439,3
75440,0
75441,0
75443,1
75444,1
75446,1
75447,4
75448,6
75449,6
75450,0
75451,6
75452,3
75453,6
75454,5
75455,0
75456,0
75457,0
75458,0
75459,0
75460,0
75461,0
75462,0
75463,0
75464,0
75465,0
75466,0
75467,0
75468,0
75469,0
75470,0
75471,0
75472,0
75473,0
75474,0
75475,0
75476,1
75477,1
75478,1
75479,0
75480,0
75481,0
75482,2
75483,3
75484,0
75485,0
75486,0
75487,0
75488,0
75489,0
75490,0
75491,24
75492,0
75493,0
75494,18
75495,6
75496,0
75497,0
75498,3
75499,0
75500,1
75501,0
75502,0
75503,0
75504,0
75505,0
75506,0
75507,0
75508,3
75509,2
75510,3
75511,6
75512,5
75513,0
75514,0
75515,6
75516,0
75517,0
75518,0
75519,0
75520,0
75521,0
75522,0
75523,0
75524,0
75525,1
75526,1
75527,2
75528,0
75529,0
75530,0
75531,0
75532,0
75533,0
75534,0
75535,0
75536,3
75537,0
75538,0
75539,0
75540,0
75541,0
75542,4
75543,1
75544,6
75545,17
75546,0
75547,0
75548,0
75549,0
75550,28
75551,5
75552,0
75553,0
75554,0
75555,10
75556,1
75557,0
75558,0
75559,0
75560,2
75561,1
75562,0
75563,1
75564,2
75565,3
75566,2
75567,2
75568,1
75569,2
75570,0
75571,0
75572,0
75573,0
75574,0
75575,0
75576,0
75577,0
75578,0
75579,0
75580,0
75581,0
75582,0
75583,0
75584,0
75585,0
75586,0
75587,0
75588,0
75589,0
75590,0
75591,0
75592,0
75593,0
75594,-6
75595,0
75596,0
75597,0
75598,0
75599,0
75600,0
75601,0
75602,0
75603,0
75604,0
75605,0
75606,0
75607,0
75608,0
75609,2
75610,1
75611,0
75612,0
75613,0
75614,0
75615,0
75616,0
75617,8
75618,0
75619,0
75620,0
75621,0
75622,1
75623,6
75624,2
75625,0
75626,0
75627,0
75628,3
75629,2
75630,3
75631,2
75632,3
75633,3
75634,1
75635,4
75636,4
75637,0
75638,3
75639,3
75640,2
75641,1
75642,0
75643,0
75644,0
75645,0
75646,0
75647,0
75648,0
75649,0
75650,0
75651,0
75652,0
75653,0
75654,0
75655,0
75656,0
75657,0
75658,0
75659,0
75660,5
75661,1
75662,0
75663,3
75664,6
75665,3
75666,3
75667,1
75668,0
75669,3
75670,0
75671,3
75672,2
75673,3
75674,5
75675,2
75676,6
75677,4
75678,3
75679,0
75680,6
75681,6
75682,3
75683,6
75684,6
75685,3
75686,3
75687,11
75688,3
75689,0
75690,0
75691,0
75692,0
75693,0
75694,0
75695,0
75696,0
75697,0
75698,0
75699,0
75700,0
75701,0
75702,0
75703,0
75704,1
75705,0
75706,0
75707,0
75708,0
75709,0
75710,0
75711,0
75712,0
75713,0
75714,0
75715,0
75716,0
75717,0
75718,14
75719,3
75720,12
75721,0
75722,1
75723,2
75724,1
75725,4
75726,4
75727,1
75728,1
75729,0
75730,0
75731,0
75732,0
75733,0
75734,0
75735,0
75736,0
75737,0
75738,0
75739,8
75740,0
75741,0
75742,2
75743,0
75744,0
75745,0
75746,3
75747,1
75748,3
75749,0
75750,0
75751,2
75752,3
75753,6
75754,1
75755,1
75756,1
75757,0
75758,0
75759,0
75760,0
75761,0
75762,3
75763,5
75764,3
75765,2
75766,3
75767,2
75768,3
75769,0
75770,0
75771,0
75772,0
75773,0
75774,0
75775,0
75776,0
75777,0
75778,0
75779,0
75780,2
75781,1
75782,1
75783,1
75784,2
75785,0
75786,0
75787,0
75788,0
75789,0
75790,0
75791,0
75792,0
75793,0
75794,0
75795,1
75796,0
75797,0
75798,0
75799,0
75800,0
75801,6
75802,0
75803,0
75804,0
75805,3
75806,2
75807,0
75808,0
75809,4
75810,0
75811,0
75812,0
75813,0
75814,12
75815,0
75816,0
75817,11
75818,0
75819,0
75820,0
75821,0
75822,0
75823,0
75824,0
75825,0
75826,1
75827,0
75828,3
75829,0
75830,2
75831,0
75832,2
75833,0
75834,0
75835,1
75836,0
75837,0
75838,0
75839,0
75840,2
75841,0
75842,0
75843,0
75844,2
75845,2
75846,6
75847,6
75848,0
75849,3
75850,0
75851,4
75852,3
75853,1
75854,1
75855,1
75856,0
75857,1
75858,0
75859,2
75860,0
75861,6
75862,4
75863,5
75864,3
75865,0
75866,0
75867,3
75868,1
75869,0
75870,0
75871,0
75872,0
75873,1
75874,0
75875,0
75876,0
75877,0
75878,0
75879,1
75880,1
75881,1
75882,1
75883,1
75884,0
75885,0
75886,0
75887,0
75888,0
75889,0
75890,2
75891,3
75892,0
75893,0
75894,1
75895,8
75896,0
75898,0
75899,0
75900,0
75901,0
75902,0
75903,0
75904,0
75905,0
75906,7
75907,0
75908,0
75909,6
75910,12
75911,12
75912,6
75913,6
75914,12
75915,24
75916,12
75917,1
75918,0
75919,11
75920,19
75921,0
75922,10
75923,1
75924,0
75925,0
75926,0
75927,4
75928,0
75929,3
75930,0
75931,3
75932,2
75933,2
75934,5
75935,0
75936,4
75937,0
75938,0
75939,3
75940,0
75941,0
75943,0
75944,2
75945,2
75946,6
75947,6
75948,3
75949,3
75950,3
75951,5
75952,4
75953,0
75954,0
75955,0
75956,0
75957,2
75958,0
75959,0
75960,0
75961,0
75962,0
75963,0
75964,0
75965,3
75966,10
75967,1
75968,0
75969,0
75970,1
75971,0
75972,0
75973,1
75974,0
75975,0
75976,3
75977,2
75978,0
75979,0
75980,22
75981,0
75982,0
75983,0
75984,15
75985,10
75986,0
75987,0
75988,0
75989,0
75990,3
75991,0
75992,0
75993,0
75994,0
75995,0
75996,4
75997,0
75998,0
75999,0
76000,0
76001,0
76002,0
76003,0
76004,3
76005,4
76006,1
76007,0
76008,0
76009,6
76010,2
76011,0
76012,0
76013,0
76014,0
76015,0
76016,0
76017,0
76018,0
76019,9
76020,8
76021,4
76022,2
76023,0
76024,0
76025,0
76026,0
76027,0
76028,0
76029,0
76030,5
76031,1
76032,0
76033,0
76034,0
76035,0
76036,0
76037,1
76038,1
76039,2
76040,1
76041,1
76042,2
76043,0
76044,2
76045,0
76046,1
76047,0
76048,2
76049,2
76050,6
76051,0
76052,0
76053,0
76054,0
76055,0
76056,0
76057,0
76058,0
76059,0
76060,0
76061,0
76062,0
76064,0
76065,0
76066,0
76067,0
76068,0
76069,0
76070,0
76071,4
76072,6
76073,3
76074,8
76075,3
76076,2
76077,13
76078,1
76079,2
76080,2
76081,4
76082,0
76083,0
76084,3
76085,4
76086,5
76087,2
76088,0
76089,0
76090,6
76091,6
76092,5
76093,4
76094,3
76095,3
76096,3
76097,3
76098,3
76099,0
76100,5
76101,0
76102,6
76103,6
76104,3
76105,6
76106,6
76107,2
76108,6
76109,0
76110,12
76111,3
76112,10
76113,5
76114,0
76115,0
76116,0
76117,0
76118,3
76119,0
76120,1
76121,0
76122,0
76123,0
76124,0
76125,48
76126,0
76127,0
76128,1
76129,1
76130,0
76131,1
76132,1
76133,2
76134,1
76135,1
76136,0
76137,0
76138,1
76139,2
76140,0
76141,7
76142,0
76143,0
76144,8
76145,0
76146,0
76147,0
76148,6
76149,1
76150,0
76151,0
76152,0
76153,0
76154,0
76155,0
76156,0
76157,1
76158,0
76159,0
76160,2
76161,1
76162,3
76163,1
76164,2
76165,3
76166,5
76167,3
76168,6
76169,3
76170,3
76171,6
76172,0
76173,0
76174,2
76175,11
76176,6
76177,0
76178,0
76179,1
76180,6
76181,4
76182,0
76183,0
76184,3
76185,3
76186,6
76187,6
76188,4
76189,6
76190,3
76191,0
76192,0
76193,0
76194,3
76195,5
76196,7
76197,0
76198,3
76199,2
76200,0
76201,0
76202,0
76203,0
76204,3
76205,0
76206,0
76207,6
76208,12
76209,0
76210,5
76211,5
76212,0
76213,2
76214,0
76215,3
76216,4
76217,0
76218,0
76219,0
76220,8
76221,0
76222,11
76223,2
76224,5
76225,1
76226,1
76227,2
76228,1
76229,1
76230,2
76231,2
76232,1
76233,1
76234,0
76235,0
76236,4
76237,0
76238,0
76239,0
76240,0
76241,0
76242,0
76243,0
76244,0
76245,1
76246,0
76247,0
76248,0
76249,0
76250,0
76251,0
76252,0
76253,0
76254,0
76255,0
76256,1
76257,2
76258,1
76259,0
76260,1
76261,2
76262,0
76263,3
76264,0
76265,2
76266,4
76267,3
76268,2
76269,0
76270,3
76271,6
76272,0
76273,1
76274,2
76275,2
76276,0
76277,2
76278,2
76279,3
76280,3
76281,6
76282,0
76283,6
76284,2
76285,2
76286,2
76287,6
76288,4
76289,1
76290,4
76291,0
76292,3
76293,6
76294,6
76295,1
76296,4
76297,4
76298,4
76299,6
76300,0
76301,0
76302,2
76303,1
76304,1
76305,0
76306,1
76307,0
76308,0
76309,1
76310,0
76311,1
76312,0
76313,0
76314,3
76315,0
76316,0
76317,0
76318,0
76319,0
76320,0
76321,0
76322,12
76323,1
76324,2
76325,0
76326,0
76327,0
76328,0
76329,3
76330,1
76331,1
76332,6
76333,12
76334,6
76335,9
76336,1
76338,0
76339,1
76340,0
76341,3
76342,3
76343,6
76344,9
76345,6
76346,0
76347,4
76348,3
76349,0
76350,0
76351,5
76352,6
76353,6
76354,4
76355,10
76356,0
76357,0
76358,0
76359,0
76360,0
76361,0
76362,0
76363,0
76364,3
76365,3
76366,0
76367,3
76368,2
76369,12
76370,12
76371,12
76372,6
76373,6
76374,12
76375,12
76376,3
76377,0
76378,0
76379,3
76380,3
76381,0
76382,1
76383,0
76384,2
76385,0
76386,0
76387,0
76388,3
76389,3
76390,3
76391,0
76392,6
76393,6
76394,0
76395,0
76396,3
76397,0
76398,0
76399,0
76400,0
76401,0
76402,0
76403,8
76404,0
76405,0
76406,1
76407,1
76408,2
76409,0
76410,1
76411,0
76412,2
76413,5
76414,1
76415,14
76416,0
76417,8
76418,1
76419,5
76420,0
76421,5
76422,0
76423,0
76424,0
76425,1
76426,1
76427,0
76428,0
76429,0
76430,0
76431,11
76432,0
76433,0
76434,0
76435,1
76436,0
76437,9
76438,11
76439,14
76440,0
76441,0
76442,0
76443,0
76444,2
76445,3
76446,2
76447,3
76448,3
76449,3
76450,3
76451,3
76452,2
76453,3
76454,0
76455,0
76456,0
76457,0
76458,0
76459,0
76460,2
76461,1
76462,1
76463,3
76464,1
76465,24
76466,12
76467,6
76468,2
76469,2
76470,2
76471,0
76472,3
76473,0
76474,0
76475,4
76476,0
76477,0
76478,0
76479,0
76480,0
76481,1
76482,0
76483,2
76484,0
76485,0
76486,0
76487,0
76488,12
76489,0
76490,0
76491,0
76492,0
76493,0
76494,11
76495,0
76496,0
76497,0
76498,0
76499,0
76500,0
76501,1
76502,0
76503,0
76504,0
76505,11
76506,0
76507,2
76508,4
76509,3
76510,6
76511,6
76512,2
76513,1
76514,2
76515,1
76516,1
76517,1
76518,1
76519,1
76520,9
76521,1
76522,1
76523,0
76524,5
76525,0
76526,0
76527,0
76528,6
76529,6
76530,0
76531,3
76532,2
76533,1
76534,6
76535,0
76536,1
76537,6
76538,4
76539,1
76540,0
76541,3
76542,1
76543,1
76544,4
76545,2
76546,3
76547,1
76548,3
76549,6
76550,3
76551,2
76552,6
76553,3
76554,6
76555,3
76556,3
76557,6
76558,3
76559,3
76560,3
76561,6
76562,6
76563,6
76564,6
76565,3
76566,3
76567,3
76568,3
76569,3
76570,6
76571,3
76572,6
76573,6
76574,3
76575,12
76576,3
76577,3
76578,1
76579,0
76580,0
76581,4
76582,0
76583,14
76584,3
76585,6
76586,0
76587,0
76588,0
76589,0
76590,0
76591,0
76592,0
76593,12
76594,3
76595,1
76596,3
76597,1
76598,6
76599,3
76600,12
76601,6
76602,0
76603,0
76604,3
76605,3
76606,3
76607,3
76608,3
76609,6
76610,6
76611,12
76612,0
76613,0
76614,1
76615,0
76616,6
76617,0
76618,0
76619,0
76620,3
76621,3
76622,0
76623,3
76624,3
76625,6
76626,0
76627,0
76628,12
76629,5
76630,3
76631,3
76632,6
76633,2
76634,2
76635,1
76636,1
76637,1
76638,0
76639,0
76640,1
76641,1
76642,5
76643,2
76644,1
76645,3
76646,2
76647,0
76648,1
76649,2
76650,2
76651,3
76652,3
76653,6
76654,12
76655,3
76656,6
76657,3
76658,3
76659,6
76660,5
76661,0
76662,6
76663,2
76664,2
76665,2
76666,1
76667,0
76668,0
76669,0
76670,0
76671,0
76672,0
76673,6
76674,0
76675,6
76676,2
76677,6
76678,12
76680,3
76681,6
76682,0
76683,1
76684,1
76685,2
76686,1
76687,4
76688,11
76689,1
76690,6
76691,0
76692,0
76693,9
76694,0
76695,0
76696,1
76697,3
76698,0
76699,30
76700,1
76701,1
76702,1
76703,1
76704,2
76705,1
76706,1
76707,4
76708,12
76709,1
76710,0
76711,0
76712,16
76713,1
76714,0
76715,5
76716,0
76717,22
76718,6
76719,12
76720,12
76721,12
76722,6
76723,6
76724,12
76725,0
76726,3
76727,3
76728,6
76729,0
76730,0
76731,6
76732,6
76733,6
76734,12
76735,0
76736,12
76737,1
76738,6
76739,4
76740,1
76741,3
76742,6
76743,0
76744,4
76745,1
76746,0
76747,0
76748,0
76749,12
76750,12
76751,0
76752,0
76753,0
76754,3
76755,1
76756,2
76757,2
76758,3
76759,6
76760,0
76761,5
76762,5
76763,5
76764,0
76765,47
76766,6
76767,6
76768,2
76769,1
76771,2
76772,3
76773,2
76774,1
76775,0
76776,1
76777,3
76778,4
76779,5
76780,2
76781,4
76782,3
76783,6
76784,4
76785,1
76786,1
76787,6
76788,12
76789,27
76790,4
76791,19
76792,12
76793,16
76794,36
76795,3
76796,3
76797,3
76798,0
76799,6
76800,2
76801,11
76802,0
76803,0
76804,0
76805,3
76806,11
76807,1
76808,1
76809,0
76810,1
76811,0
76812,6
76813,4
76814,4
76815,6
76816,2
76817,6
76818,3
76819,3
76820,2
76821,2
76822,1
76823,1
76824,0
76825,0
76826,5
76827,9
76828,2
76829,12
76830,24
76831,24
76832,6
76833,3
76834,3
76835,6
76836,3
76837,1
76838,1
76839,34
76840,14
76841,8
76842,12
76843,0
76844,0
76845,0
76846,7
76847,0
76848,32
76849,0
76850,0
76851,0
76852,0
76853,0
76854,32
76855,0
76856,0
76857,0
76858,2
76859,4
76860,3
76861,3
76862,2
76863,2
76864,2
76865,3
76866,3
76867,3
76868,3
76869,3
76870,6
76871,3
76872,3
76873,3
76874,6
76875,3
76876,6
76877,3
76878,6
76879,6
76880,3
76881,3
76882,12
76883,3
76884,6
76885,3
76886,6
76887,11
76888,24
76889,6
76890,4
76891,6
76893,4
76894,5
76895,4
76896,2
76897,6
76898,2
76899,1
76900,3
76901,1
76902,2
76903,2
76904,1
76905,2
76906,3
76907,5
76908,3
76909,3
76910,3
76911,3
76912,3
76913,6
76914,3
76915,3
76916,6
76917,6
76918,3
76919,6
76920,6
76921,12
76922,1
76923,4
76924,2
76925,2
76926,2
76927,1
76928,2
76929,15
76930,1
76931,1
76932,12
76933,2
76934,6
76935,2
76936,2
76937,1
76938,1
76939,1
76940,1
76941,3
76942,2
76943,4
76944,3
76945,33
76946,9
76947,5
76948,0
76949,6
76950,6
76951,0
76952,0
76953,0
76954,0
76955,0
76956,0
76957,0
76958,0
76959,0
76960,0
76961,6
76962,3
76963,3
76964,6
76965,3
76966,6
76967,3
76968,3
76969,3
76970,3
76971,3
76972,6
76973,6
76974,12
76975,6
76976,6
76977,6
76978,6
76979,12
76980,12
76981,6
76982,6
76983,5
76984,3
76985,3
76986,3
76987,3
76988,6
76989,3
76990,3
76991,3
76992,3
76993,12
76994,6
76995,3
76996,6
76997,3
76998,3
76999,3
77000,12
77001,3
77002,6
77003,3
77004,10
77005,0
77006,0
77007,0
77008,6
77009,12
77010,0
77011,5
77012,2
77013,6
77014,10
77015,3
77016,12
77017,24
77018,12
77019,5
77020,1
77021,20
77023,-3
77024,3
77025,1
77026,1
77027,1
77028,1
77029,0
77030,0
77031,12
77032,2
77033,1
77035,2
77036,12
77037,12
77038,12
77039,12
77040,12
77041,12
77042,12
77043,12
77044,1
77045,0
77046,0
77047,2
770559,0
770560,0
79844,0
79845,0
79846,0
79847,0
79848,0
79849,0
79850,0
79851,0
79852,0
79853,0
79854,0
79855,0
79856,0
79857,0
79858,0
79859,0
79860,0
79861,0
79862,0
79863,0
79864,0
79865,0
79866,0
79867,0
79868,0
79869,0
79871,0
79872,0
79873,0
79874,0
79875,0
79876,0
79877,0
79878,0
79879,0
79880,0
79881,1
79882,0
79883,0
79884,0
79885,0
79886,0
79887,0
79888,0
79889,0
79890,0
79891,0
79892,0
79893,0
79894,0
79895,0
79896,0
79897,0
79898,0
79899,0
79900,0
79901,0
79902,0
79903,1
79904,0
79905,0
79906,0
79907,0
79908,0
79909,0
79910,0
79911,0
79912,0
79913,0
79914,0
79915,0
79916,1
79917,0
79918,0
79919,0
79920,0
79921,1
79922,0
79923,0
79924,0
79925,0
79926,0
79927,0
79928,0
79929,0
79930,0
79931,0
79932,0
79933,0
79934,0
79935,1
79936,0
79937,0
79938,0
79939,0
79940,0
79941,0
79942,0
79943,0
79944,0
79945,0
79946,0
79947,0
79948,0
79949,0
79950,0
79951,0
79952,0
79953,0
79954,0
79955,0
79956,0
79957,0
79958,0
79959,0
79960,0
79961,0
79962,0
79963,10
79964,0
79965,0
79966,0
79967,0
79968,0
79969,0
79970,0
79971,0
79972,0
79973,1
79974,0
79975,0
79976,0
79977,0
79978,0
79979,0
79980,0
79981,0
79982,0
79983,0
79984,0
79985,0
79986,0
79987,0
79988,0
79989,0
79990,0
79991,0
79992,0
79993,0
79994,0
79995,0
79996,0
79997,0
79998,0
79999,0
