product_code,reorder_point
10001,6
10002,6
10003,6
10004,6
10005,6
10006,6
10007,6
10008,6
10009,6
10010,6
10011,6
10012,6
10013,6
10014,6
10015,6
10016,6
10017,6
10018,6
10019,6
10020,6
10021,6
10022,6
10023,6
10024,6
10025,6
10026,6
10027,6
10028,6
10029,6
10031,6
10032,6
10033,6
10034,6
10035,6
10036,6
10037,6
10038,6
10039,6
10040,6
10041,6
10042,6
10043,6
10044,6
10045,6
10046,6
10047,6
10048,6
10049,6
10050,6
100500,6
100501,6
100502,6
100503,6
100504,6
100505,6
100506,6
100507,6
100508,6
100509,6
10051,6
100510,6
100511,6
100512,6
100514,6
100515,6
100516,6
10052,6
100522,6
100524,6
10053,6
100531,6
100532,6
100539,6
10054,6
100540,6
100541,6
100542,6
100543,6
100544,6
100545,6
100546,6
100547,6
100548,6
100549,6
10055,6
100550,6
100551,6
100552,6
100553,6
10056,6
100560,6
100561,6
100562,6
100563,6
100564,6
100565,6
100566,6
10057,6
100570,6
100571,6
100572,6
100577,6
100578,6
100579,6
10058,6
10059,6
10060,6
10061,6
10062,6
10063,6
10064,6
10065,6
10066,6
10067,6
10068,6
10069,6
10070,6
10071,6
10072,6
10073,6
10074,6
10075,6
10076,6
10077,6
10078,6
10079,6
10080,6
10081,6
10082,6
10083,6
10084,6
10085,6
10086,6
10087,6
10088,6
10089,6
10090,6
10091,6
10092,6
10093,6
10094,6
10095,6
10096,6
10097,6
10098,6
10099,6
10100,6
10101,6
10102,6
10103,6
10104,6
10105,6
10106,6
10107,6
10108,6
10109,6
10110,6
10111,6
10112,6
10113,6
10114,6
10115,6
10116,6
10117,6
10118,6
10119,6
10120,6
10121,6
10122,6
10123,6
10124,6
10125,6
10126,6
10127,6
10128,6
10129,6
10130,6
10131,6
10132,6
10133,6
10134,6
10135,6
10136,6
10137,6
10138,6
10139,6
10140,6
10141,6
10142,6
10143,6
10144,6
10145,6
10146,6
10147,6
10148,6
10149,6
10150,6
10151,6
10152,6
10153,6
10154,6
10155,6
10156,6
10157,6
10158,6
10159,6
10160,6
10161,6
10162,6
10163,6
10164,6
10165,6
10166,6
10167,6
10168,6
10169,6
10170,6
10171,6
10172,6
10173,6
10174,6
10175,6
10176,6
10177,6
10178,6
10179,6
10180,6
10181,6
10182,6
10183,6
10184,6
10185,6
10186,6
10187,6
10188,6
10189,6
10190,6
10191,6
10192,6
10193,6
10194,6
10195,6
10196,6
10197,6
10198,6
10199,6
10200,6
10201,6
10202,6
10203,6
10204,6
10205,6
10206,6
10207,6
10208,6
10209,6
10210,6
10211,6
10212,6
10213,6
10214,6
10215,6
10216,6
10217,6
10218,6
10219,6
10220,6
10221,6
10222,6
10223,6
10224,6
10225,6
10226,6
10227,6
10228,6
10229,6
10230,6
10231,6
10232,6
10233,6
10234,6
10235,6
10236,6
10237,6
10238,6
10239,6
10240,6
10241,6
10242,6
10243,6
10244,6
10245,6
10246,6
10247,6
10248,6
10249,6
10250,6
10251,6
10252,6
10253,6
10254,6
10255,6
10256,6
10257,6
10258,6
10259,6
10260,6
10261,6
10262,6
10263,6
10264,6
10265,6
10266,6
10267,6
10268,6
10269,6
10270,6
10271,6
10272,6
10273,6
10274,6
10275,6
10276,6
10277,6
10278,6
10279,6
10280,6
10281,6
10282,6
10283,6
10284,6
10285,6
10286,6
10287,6
10288,6
10289,6
10290,6
10291,6
10292,6
10293,6
10294,6
10295,6
10296,6
10297,6
10298,6
10299,6
10300,6
10301,6
10302,6
10303,6
10304,6
10305,6
10306,6
10307,6
10308,6
10309,6
10310,6
10311,6
10312,6
10313,6
10314,6
10315,6
10316,6
10317,6
10318,6
10319,6
10320,6
10321,6
10322,6
10323,6
10324,6
10325,6
10326,6
10327,6
10328,6
10329,6
10330,6
10331,6
10332,6
10333,6
10334,6
10335,6
10336,6
10337,6
10338,6
10339,6
10340,6
10341,6
10342,6
10343,6
10344,6
10345,6
10346,6
10347,6
10348,6
10349,6
10350,6
10351,6
10352,6
10353,6
10354,6
10355,6
10356,6
10357,6
10358,6
10359,6
10360,6
10361,6
10362,6
10363,6
10364,6
10365,6
10366,6
10367,6
10368,6
10369,6
10370,6
10371,6
10372,6
10373,6
10374,6
10375,6
10376,6
10377,6
10378,6
10379,6
10380,6
10381,6
10382,6
10383,6
10384,6
10385,6
10386,6
10387,6
10388,6
10389,6
10390,6
10391,6
10392,6
10393,6
10394,6
10395,6
10396,6
10397,6
10398,6
10399,6
10400,6
10401,6
10402,6
10403,6
10404,6
10405,6
10406,6
10407,6
10408,6
10409,6
10410,6
10411,6
10412,6
10414,6
10415,6
10416,6
10417,6
10418,6
10419,6
10420,6
10421,6
10422,6
10423,6
10424,6
10425,6
10426,6
10427,6
10428,6
10429,6
10430,6
10431,6
10432,6
10433,6
10434,6
10435,6
10436,6
10437,6
10438,6
10439,6
10440,6
10441,6
10442,6
10443,6
10444,6
10445,6
10446,6
10447,6
10448,6
10449,6
10450,6
10451,6
10452,6
10453,6
10454,6
10455,6
10456,6
10457,6
10458,6
10459,6
10460,6
10461,6
10462,6
10463,6
10464,6
10465,6
10466,6
10467,6
10468,6
10469,6
10470,6
10471,6
10472,6
10473,6
10474,6
10475,6
10476,6
10477,6
10478,6
10479,6
10480,6
10481,6
10482,6
10483,6
10484,6
10485,6
10486,6
10487,6
10488,6
10489,6
10490,6
10491,6
10492,6
10493,6
10494,6
10495,6
10496,6
10497,6
10498,6
10499,6
10500,6
10501,6
10502,6
10503,6
10504,6
10505,6
10506,6
10507,6
10508,6
10509,6
10510,6
10511,6
10512,6
10513,6
10514,6
10515,6
10516,6
10517,6
10518,6
10519,6
10520,6
10521,6
10522,6
10523,6
10524,6
10525,6
10526,6
10527,6
10528,6
10529,6
10530,6
10531,6
10532,6
10533,6
10534,6
10535,6
10536,6
10537,6
10538,6
10539,6
10540,6
10541,6
10542,6
10543,6
10544,6
10545,6
10546,6
10547,6
10548,6
10549,6
10550,6
10551,6
10552,6
10553,6
10554,6
10556,6
10557,6
10558,6
10559,6
10560,6
10561,6
10562,6
10563,6
10564,6
10565,6
10566,6
10567,6
10568,6
10569,6
10570,6
10571,6
10572,6
10573,6
10574,6
10575,6
10576,6
10577,6
10578,6
10579,6
10580,6
10581,6
10582,6
10583,6
10584,6
10585,6
10586,6
10587,6
10588,6
10589,6
10590,6
10591,6
10592,6
10593,6
10594,6
10595,6
10596,6
10597,6
10598,6
10599,6
10600,6
10601,6
10602,6
10603,6
10604,6
10605,6
10606,6
10607,6
10608,6
10609,6
10610,6
10611,6
10612,6
10613,6
10614,6
10615,6
10616,6
10617,6
10618,6
10619,6
10620,6
10621,6
10622,6
10623,6
10624,6
10625,6
10626,6
10627,6
10628,6
10629,6
10630,6
10631,6
10632,6
10633,6
10634,6
10635,6
10636,6
10637,6
10638,6
10639,6
10640,6
10641,6
10642,6
10643,6
10644,6
10645,6
10646,6
10647,6
10648,6
10649,6
10650,6
10651,6
10652,6
10653,6
10654,6
10655,6
10656,6
10657,6
10658,6
10659,6
10660,6
10661,6
10662,6
10663,6
10664,6
10665,6
10666,6
10667,6
10668,6
10669,6
10670,6
10671,6
10672,6
10673,6
10674,6
10675,6
10676,6
10677,6
10678,6
10679,6
10680,6
10681,6
10682,6
10683,6
10684,6
10685,6
10686,6
10687,6
10688,6
10689,6
10690,6
10691,6
10692,6
10693,6
10694,6
10695,6
10696,6
10697,6
10699,6
10700,6
10701,6
10702,6
10703,6
10704,6
10705,6
10706,6
10707,6
10708,6
10709,6
10710,6
10711,6
10712,6
10713,6
10714,6
10715,6
10716,6
10717,6
10718,6
10719,6
10720,6
10721,6
10722,6
10723,6
10724,6
10725,6
10726,6
10727,6
10728,6
10729,6
10730,6
10731,6
10801,6
10802,6
10803,6
10804,6
10805,6
10806,6
10807,6
10808,6
10809,6
10810,6
10811,6
10812,6
10813,6
10814,6
10815,6
10816,6
10817,6
10818,6
10819,6
10820,6
10821,6
10822,6
10823,6
10824,6
10825,6
10826,6
10827,6
10828,6
10829,6
10830,6
10831,6
10832,6
10833,6
10834,6
10835,6
10836,6
10837,6
10838,6
10839,6
10840,6
10841,6
10842,6
10843,6
10844,6
10845,6
10846,6
10847,6
10848,6
10849,6
10850,6
10851,6
10852,6
10853,6
10854,6
10855,6
10856,6
10857,6
10858,6
10859,6
10860,6
10861,6
10862,6
10863,6
10864,6
10865,6
10866,6
10867,6
10868,6
10869,6
10870,6
10871,6
10872,6
10873,6
10874,6
10875,6
10876,6
10877,6
10878,6
10879,6
10880,6
10881,6
10882,6
10883,6
10884,6
10885,6
10886,6
10887,6
10888,6
10889,6
10890,6
10891,6
10892,6
10893,6
10894,6
10895,6
10896,6
10897,6
10898,6
10899,6
10900,6
10901,6
10902,6
10903,6
10904,6
10905,6
10906,6
10907,6
10908,6
10909,6
10910,6
10911,6
10912,6
10913,6
10914,6
10915,6
10916,6
10917,6
10918,6
10919,6
10920,6
10921,6
10922,6
10923,6
10924,6
10925,6
10926,6
10927,6
10928,6
10929,6
10930,6
10931,6
10932,6
10933,6
10934,6
10935,6
10936,6
10937,6
10938,6
10939,6
10940,6
10941,6
10942,6
10943,6
10944,6
10945,6
10946,6
10947,6
10948,6
10949,6
10950,6
10951,6
10952,6
10953,6
10954,6
10955,6
10956,6
10957,6
10958,6
10959,6
10960,6
10961,6
10962,6
10963,6
10964,6
10965,6
10966,6
10967,6
10968,6
10969,6
10970,6
10971,6
10972,6
10973,6
10974,6
10975,6
10976,6
10977,6
10978,6
10979,6
10980,6
10981,6
10982,6
10983,6
10984,6
10985,6
10986,6
10987,6
10988,6
10989,6
10990,6
10991,6
10992,6
10993,6
10994,6
10995,6
10996,6
10997,6
10998,6
10999,6
11000,6
11001,6
11002,6
11003,6
11004,6
11005,6
11006,6
11007,6
11008,6
11009,6
11010,6
11011,6
11012,6
11013,6
11014,6
11015,6
11016,6
11017,6
11018,6
11019,6
11020,6
11021,6
11022,6
11023,6
11024,6
11025,6
11026,6
11027,6
11028,6
11029,6
11030,6
11031,6
11032,6
11033,6
11034,6
11035,6
11036,6
11037,6
11038,6
11039,6
11040,6
11041,6
11042,6
11043,6
11044,6
11045,6
11046,6
11047,6
11048,6
11049,6
11050,6
11051,6
11052,6
11053,6
11054,6
11055,6
11056,6
11057,6
11058,6
11059,6
11060,6
11061,6
11062,6
11063,6
11064,6
11065,6
11066,6
11067,6
11068,6
11069,6
11070,6
11071,6
11072,6
11073,6
11074,6
11075,6
11076,6
11077,6
11078,6
11079,6
11080,6
11081,6
11082,6
11083,6
11084,6
11085,6
11086,6
11087,6
11088,6
11089,6
11090,6
11091,6
11092,6
11093,6
11094,6
11095,6
11096,6
11097,6
11098,6
11099,6
11100,6
11101,6
11102,6
11103,6
11104,6
11105,6
11106,6
11107,6
11108,6
11109,6
11110,6
11111,6
11112,6
11113,6
11114,6
11115,6
11116,6
11117,6
11118,6
11119,6
11120,6
11121,6
11122,6
11123,6
11124,6
11125,6
11126,6
11127,6
11128,6
11129,6
11130,6
11131,6
11132,6
11133,6
11134,6
11135,6
11136,6
11137,6
11138,6
11139,6
11140,6
11141,6
11142,6
11143,6
11144,6
11145,6
11146,6
11147,6
11148,6
11149,6
11150,6
11151,6
11152,6
11153,6
11154,6
11155,6
11156,6
11157,6
11158,6
11159,6
11160,6
11161,6
11162,6
11163,6
11164,6
11165,6
11166,6
11167,6
11168,6
11169,6
11170,6
11171,6
11172,6
11173,6
11174,6
11175,6
11176,6
11177,6
11178,6
11179,6
11180,6
11181,6
11182,6
11183,6
11184,6
11185,6
11186,6
11187,6
11188,6
11189,6
11190,6
11191,6
11192,6
11193,6
11194,6
11195,6
11196,6
11197,6
11198,6
11199,6
11200,6
11201,6
11202,6
11203,6
11204,6
11205,6
11206,6
11207,6
11208,6
11209,6
11210,6
11211,6
11212,6
11213,6
11214,6
11215,6
11216,6
11217,6
11218,6
11219,6
11220,6
11221,6
11222,6
11223,6
11224,6
11225,6
11226,6
11227,6
11228,6
11229,6
11230,6
11231,6
11232,6
11233,6
11234,6
11235,6
11236,6
11237,6
11238,6
11239,6
11240,6
11241,6
11242,6
11243,6
11244,6
11245,6
11246,6
11247,6
11248,6
11249,6
11250,6
11251,6
11252,6
11253,6
11254,6
11255,6
11256,6
11257,6
11258,6
11259,6
11260,6
11261,6
11262,6
11263,6
11264,6
11265,6
11266,6
11267,6
11268,6
11269,6
11270,6
11271,6
11272,6
11273,6
11274,6
11275,6
11276,6
11278,6
11279,6
11280,6
11281,6
11282,6
11283,6
11284,6
11285,6
11286,6
11287,6
11288,6
11289,6
11290,6
11291,6
11292,6
11293,6
11294,6
11295,6
11296,6
11297,6
11298,6
11299,6
11300,6
11301,6
11302,6
11303,6
11304,6
11305,6
11306,6
11307,6
11308,6
11309,6
11310,6
11311,6
11312,6
11313,6
11314,6
11315,6
11316,6
11317,6
11318,6
11319,6
11320,6
11321,6
11322,6
11323,6
11324,6
11325,6
11326,6
11327,6
11328,6
11329,6
11330,6
11331,6
11332,6
11333,6
11334,6
11335,6
11336,6
11337,6
11338,6
11339,6
11340,6
11341,6
11342,6
11343,6
11344,6
11345,6
11346,6
11347,6
11349,6
11350,6
11351,6
11352,6
11353,6
11354,6
11355,6
11356,6
11357,6
11358,6
11359,6
11360,6
11361,6
11362,6
11363,6
11364,6
11365,6
11366,6
11367,6
11368,6
11369,6
11370,6
11371,6
11372,6
11373,6
11374,6
11375,6
11376,6
11377,6
11378,6
11379,6
11380,6
11381,6
11382,6
11383,6
11384,6
11385,6
11386,6
11387,6
11388,6
11389,6
11390,6
11391,6
11392,6
11393,6
11394,6
11395,6
11396,6
11397,6
11398,6
11399,6
11400,6
11401,6
11402,6
11403,6
11404,6
11405,6
11406,6
11407,6
11408,6
11409,6
11410,6
11411,6
11412,6
11413,6
11414,6
11415,6
11416,6
11417,6
11418,6
11419,6
11420,6
11421,6
11422,6
11423,6
11424,6
11425,6
11426,6
11427,6
11428,6
11429,6
11430,6
11431,6
11432,6
11433,6
11434,6
11435,6
11436,6
11437,6
11438,6
11439,6
11440,6
11441,6
11442,6
11443,6
11444,6
11445,6
11446,6
11447,6
11448,6
11449,6
11450,6
11451,6
11452,6
11453,6
11454,6
11455,6
11456,6
11457,6
11458,6
11459,6
11460,6
11461,6
11462,6
11463,6
11464,6
11465,6
11466,6
11467,6
11468,6
11469,6
11470,6
11471,6
11472,6
11473,6
11474,6
11475,6
11476,6
11477,6
11478,6
11479,6
11480,6
11481,6
11482,6
11483,6
11484,6
11485,6
11486,6
11487,6
11488,6
11489,6
11490,6
11491,6
11492,6
11493,6
11494,6
11495,6
11496,6
11497,6
11498,6
11499,6
11500,6
11501,6
11502,6
11503,6
11504,6
11505,6
11506,6
11507,6
11508,6
11509,6
11510,6
11511,6
11512,6
11513,6
11514,6
11515,6
11516,6
11517,6
11518,6
11519,6
11520,6
11521,6
11522,6
11523,6
11524,6
11525,6
11526,6
11527,6
11528,6
11529,6
11530,6
11531,6
11532,6
11533,6
11534,6
11535,6
11536,6
11537,6
11538,6
11539,6
11540,6
11541,6
11542,6
11543,6
11544,6
11545,6
11546,6
11547,6
11548,6
11549,6
11550,6
11551,6
11552,6
11553,6
11554,6
11555,6
11556,6
11557,6
11558,6
11559,6
11560,6
11561,6
11562,6
11563,6
11564,6
11565,6
11566,6
11567,6
11568,6
11569,6
11570,6
11571,6
11572,6
11573,6
11574,6
11575,6
11576,6
11577,6
11578,6
11579,6
11580,6
11581,6
11582,6
11583,6
11584,6
11585,6
11586,6
11587,6
11588,6
11589,6
11590,6
11591,6
11592,6
11593,6
11594,6
11595,6
11596,6
11597,6
11598,6
11599,6
11600,6
11601,6
11602,6
11603,6
11604,6
11605,6
11606,6
11607,6
11608,6
11609,6
11610,6
11611,6
11612,6
11613,6
11614,6
11615,6
11616,6
11617,6
11618,6
11619,6
11620,6
11621,6
11622,6
11623,6
11624,6
11625,6
11626,6
11627,6
11628,6
11629,6
11630,6
11631,6
11632,6
11633,6
11634,6
11635,6
11636,6
11637,6
11638,6
11639,6
11640,6
11641,6
11642,6
11643,6
11644,6
11645,6
11646,6
11647,6
11648,6
11649,6
11650,6
11651,6
11652,6
11653,6
11654,6
11655,6
11656,6
11657,6
11658,6
11659,6
11660,6
11661,6
11662,6
11663,6
11664,6
11665,6
11666,6
11667,6
11668,6
11669,6
11670,6
11671,6
11672,6
11673,6
11674,6
11675,6
11676,6
11677,6
11678,6
11679,6
11680,6
11681,6
11682,6
11683,6
11684,6
11685,6
11686,6
11687,6
11688,6
11689,6
11690,6
11691,6
11692,6
11693,6
11694,6
11695,6
11696,6
11697,6
11698,6
11699,6
11700,6
11701,6
11702,6
11703,6
11704,6
11705,6
11706,6
11707,6
11708,6
11709,6
11710,6
11711,6
11712,6
11713,6
11714,6
11715,6
11716,6
11717,6
11718,6
11719,6
11720,6
11721,6
11722,6
11723,6
11724,6
11725,6
11726,6
11727,6
11728,6
11729,6
11730,6
11731,6
11732,6
11733,6
11734,6
11735,6
11736,6
11737,6
11738,6
11739,6
11740,6
11741,6
11742,6
11743,6
11744,6
11745,6
11746,6
11747,6
11748,6
11749,6
11750,6
11751,6
11753,6
11754,6
11755,6
11756,6
11757,6
11759,6
11760,6
11761,6
11762,6
11763,6
11764,6
11765,6
11766,6
11767,6
11768,6
11769,6
11770,6
11771,6
11772,6
11773,6
11774,6
11775,6
11776,6
11777,6
11778,6
11779,6
11780,6
11781,6
11782,6
11783,6
11784,6
11786,6
11787,6
11788,6
11789,6
11790,6
11791,6
11792,6
11793,6
11794,6
11795,6
11796,6
11797,6
11798,6
11799,6
11801,6
11802,6
11804,6
11805,6
11806,6
11807,6
11808,6
11809,6
11810,6
11811,6
11812,6
11813,6
11814,6
11815,6
11816,6
11818,6
11819,6
11820,6
11821,6
11822,6
11823,6
11824,6
11825,6
11826,6
11827,6
11828,6
11829,6
11830,6
11831,6
11832,6
11833,6
11834,6
11835,6
11836,6
11837,6
11838,6
11839,6
11840,6
11841,6
11842,6
11843,6
11844,6
11845,6
11846,6
11847,6
11848,6
11849,6
11850,6
11851,6
11852,6
11853,6
11854,6
11855,6
11856,6
11857,6
11858,6
11859,6
11860,6
11861,6
11862,6
11863,6
11864,6
11865,6
11866,6
11867,6
11868,6
11870,6
11871,6
11872,6
11873,6
11882,6
11883,6
11884,6
11887,6
11889,6
11890,6
11891,6
11892,6
11893,6
11894,6
11895,6
11896,6
11897,6
11898,6
11900,6
11901,6
11902,6
11903,6
11904,6
11905,6
11906,6
11907,6
11910,6
11911,6
11912,6
11913,6
11914,6
11915,6
11916,6
11917,6
11918,6
11919,6
11920,6
11921,6
11922,6
11923,6
11924,6
11925,6
11926,6
11927,6
11928,6
11929,6
11930,6
11931,6
11932,6
11933,6
11934,6
11935,6
11936,6
11937,6
11938,6
11939,6
11940,6
11941,6
11942,6
11943,6
11944,6
11945,6
11946,6
11947,6
11948,6
11949,6
11950,6
11951,6
11952,6
11953,6
11954,6
11955,6
11956,6
11958,6
11959,6
11960,6
11961,6
11962,6
11963,6
11964,6
11965,6
11966,6
11967,6
11968,6
11969,6
11970,6
11971,6
11972,6
11973,6
11974,6
11975,6
11976,6
11977,6
11978,6
11979,6
11982,6
11983,6
11984,6
11985,6
11986,6
11987,6
11988,6
11990,6
11991,6
11992,6
11993,6
11994,6
11995,6
11996,6
11997,6
11998,6
11999,6
12000,6
12001,6
12002,6
12003,6
12004,6
12006,6
12007,6
12008,6
12009,6
12011,6
12012,6
12013,6
12014,6
12017,6
12018,6
12019,6
12020,6
12021,6
12022,6
12023,6
12024,6
12025,6
12026,6
12027,6
12028,6
12029,6
12030,6
12031,6
12032,6
12033,6
12034,6
12035,6
12036,6
12037,6
12040,6
12042,6
12043,6
12044,6
12045,6
12046,6
12047,6
12048,6
12049,6
12050,6
12051,6
12052,6
12053,6
12054,6
12056,6
12058,6
12059,6
12060,6
12061,6
12062,6
12063,6
12064,6
12065,6
12066,6
12067,6
12068,6
12069,6
12070,6
12071,6
12072,6
12073,6
12074,6
12075,6
12076,6
12077,6
12078,6
12079,6
12080,6
12081,6
12082,6
12083,6
12084,6
12085,6
12086,6
12087,6
12088,6
12091,6
12092,6
12093,6
12094,6
12095,6
12096,6
12097,6
12098,6
12100,6
12101,6
12102,6
12103,6
12104,6
12105,6
12106,6
12107,6
12108,6
12109,6
12110,6
12111,6
12112,6
12113,6
12114,6
12115,6
12116,6
12117,6
12118,6
12120,6
12121,6
12122,6
12123,6
12124,6
12125,6
12126,6
12127,6
12128,6
12129,6
12130,6
12131,6
12132,6
12133,6
12134,6
12135,6
12136,6
12137,6
12138,6
12139,6
12140,6
12141,6
12142,6
12143,6
12144,6
12145,6
12146,6
12147,6
12148,6
12149,6
12150,6
12151,6
12152,6
12153,6
12154,6
12155,6
12156,6
12157,6
12158,6
12159,6
12160,6
12161,6
12162,6
12163,6
12164,6
12165,6
12166,6
12167,6
12168,6
12169,6
12170,6
12171,6
12172,6
12173,6
12174,6
12175,6
12176,6
12177,6
12178,6
12179,6
12180,6
12181,6
12182,6
12183,6
12184,6
12185,6
12187,6
12188,6
12189,6
12190,6
12191,6
12192,6
12193,6
12194,6
12195,6
12196,6
12197,6
12199,6
12200,6
12201,6
12202,6
12203,6
12204,6
12205,6
12206,6
12207,6
12208,6
12209,6
12210,6
12211,6
12212,6
12213,6
12214,6
12215,6
12216,6
12217,6
12218,6
12219,6
12220,6
12221,6
12222,6
12223,6
12224,6
12225,6
12226,6
12227,6
12228,6
12229,6
12230,6
12231,6
12232,6
12233,6
12234,6
12235,6
12236,6
12237,6
12238,6
12239,6
12241,6
12242,6
12243,6
12244,6
12245,6
12246,6
12247,6
12248,6
12249,6
12250,6
12251,6
12252,6
12253,6
12254,6
12255,6
12256,6
12257,6
12258,6
12259,6
12260,6
12261,6
12262,6
12263,6
12264,6
12265,6
12266,6
12267,6
12268,6
12270,6
12271,6
12272,6
12273,6
12274,6
12275,6
12276,6
12277,6
12278,6
12279,6
12280,6
12281,6
12282,6
12283,6
12284,6
12285,6
12286,6
12287,6
12288,6
12289,6
12290,6
12291,6
12293,6
12294,6
12295,6
12296,6
12297,6
12298,6
12299,6
12300,6
12301,6
12302,6
12303,6
12304,6
12305,6
12306,6
12307,6
12308,6
12309,6
12310,6
12311,6
12312,6
12313,6
12314,6
12315,6
12316,6
12317,6
12318,6
12319,6
12320,6
12321,6
12322,6
12323,6
12324,6
12326,6
12327,6
12328,6
12329,6
12330,6
12332,6
12333,6
12334,6
12335,6
12336,6
12337,6
12338,6
12339,6
12340,6
12341,6
12342,6
12343,6
12344,6
12345,6
12346,6
12347,6
12348,6
12350,6
12351,6
12352,6
12353,6
12354,6
12356,6
12357,6
12358,6
12359,6
12360,6
12361,6
12362,6
12363,6
12364,6
12365,6
12366,6
12367,6
12368,6
12369,6
12370,6
12371,6
12372,6
12373,6
12374,6
12375,6
12376,6
12377,6
12378,6
12379,6
12380,6
12381,6
12382,6
12383,6
12384,6
12385,6
12386,6
12387,6
12388,6
12390,6
12393,6
12394,6
12395,6
12396,6
12397,6
12398,6
12399,6
12400,6
12401,6
12402,6
12403,6
12404,6
12405,6
12406,6
12407,6
12408,6
12409,6
12410,6
12411,6
12412,6
12415,6
12416,6
12418,6
12419,6
12420,6
12421,6
12422,6
12423,6
12424,6
12425,6
12426,6
12427,6
12428,6
12429,6
12430,6
12431,6
12432,6
12433,6
12434,6
12435,6
12436,6
12437,6
12438,6
12439,6
12441,6
12442,6
12443,6
12444,6
12445,6
12447,6
12448,6
12449,6
12450,6
12451,6
12452,6
12453,6
12454,6
12457,6
12458,6
12461,6
12462,6
12463,6
12464,6
12465,6
12466,6
12467,6
12468,6
12469,6
12470,6
12471,6
12472,6
12473,6
12474,6
12475,6
12478,6
12479,6
12480,6
12481,6
12483,6
12484,6
12485,6
12486,6
12487,6
12488,6
12489,6
12490,6
12491,6
12492,6
12493,6
12494,6
12495,6
12496,6
12497,6
12498,6
12499,6
12500,6
12501,6
12502,6
12503,6
12504,6
12505,6
12506,6
12507,6
12508,6
12509,6
12510,6
12512,6
12515,6
12516,6
12517,6
12518,6
12519,6
12520,6
12521,6
12522,6
12523,6
12524,6
12525,6
12526,6
12527,6
12528,6
12529,6
12530,6
12531,6
12532,6
12533,6
12534,6
12535,6
12536,6
12537,6
12538,6
12539,6
12540,6
12541,6
12542,6
12543,6
12544,6
12545,6
12546,6
12547,6
12550,6
12551,6
12552,6
12553,6
12554,6
12555,6
12556,6
12557,6
12558,6
12559,6
12560,6
12561,6
12562,6
12563,6
12564,6
12565,6
12566,6
12567,6
12568,6
12569,6
12570,6
12571,6
12572,6
12573,6
12574,6
12575,6
12576,6
12577,6
12578,6
12579,6
12580,6
12581,6
12582,6
12583,6
12584,6
12585,6
12588,6
12589,6
12590,6
12591,6
12592,6
12593,6
12594,6
12595,6
12596,6
12597,6
12598,6
12599,6
12600,6
12601,6
12602,6
12603,6
12604,6
12605,6
12606,6
12608,6
12609,6
12610,6
12611,6
12612,6
12613,6
12614,6
12615,6
12616,6
12617,6
12618,6
12619,6
12620,6
12621,6
12622,6
12623,6
12624,6
12625,6
12626,6
12627,6
12628,6
12629,6
12630,6
12631,6
12632,6
12633,6
12634,6
12635,6
12636,6
12637,6
12638,6
12640,6
12641,6
12643,6
12644,6
12645,6
12646,6
12647,6
12648,6
12649,6
12650,6
12651,6
12652,6
12653,6
12654,6
12655,6
12656,6
12657,6
12658,6
12659,6
12660,6
12661,6
12662,6
12663,6
12664,6
12665,6
12666,6
12667,6
12668,6
12669,6
12670,6
12671,6
12672,6
12673,6
12674,6
12675,6
12703,6
12704,6
12705,6
12706,6
12708,6
12709,6
12710,6
12711,6
12712,6
12715,6
12716,6
12717,6
12718,6
12719,6
12720,6
12721,6
12722,6
12723,6
12724,6
12725,6
12726,6
12728,6
12729,6
12730,6
12731,6
12732,6
12733,6
12734,6
12735,6
12736,6
12737,6
12738,6
12739,6
12740,6
12741,6
12742,6
12743,6
12748,6
12749,6
12753,6
12754,6
12755,6
12756,6
12757,6
12758,6
12759,6
12760,6
12761,6
12762,6
12763,6
12764,6
12765,6
12766,6
12767,6
12768,6
12769,6
12773,6
12774,6
12775,6
12776,6
12777,6
12779,6
12780,6
12781,6
12782,6
12783,6
12784,6
12785,6
12786,6
12787,6
12788,6
12789,6
12790,6
12791,6
12792,6
12793,6
12794,6
12795,6
12796,6
12797,6
12798,6
12799,6
12800,6
12801,6
12803,6
12804,6
12807,6
12811,6
12812,6
12813,6
12814,6
12818,6
12819,6
12820,6
12821,6
12823,6
12824,6
12826,6
12827,6
12828,6
12830,6
12831,6
12834,6
12835,6
12836,6
12837,6
12838,6
12839,6
12840,6
12841,6
12842,6
12843,6
12844,6
12846,6
12849,6
12850,6
12851,6
12852,6
12854,6
12855,6
12856,6
12857,6
12860,6
12861,6
12862,6
12863,6
12864,6
12865,6
12866,6
12867,6
12868,6
12870,6
12871,6
12872,6
12873,6
12874,6
12875,6
12876,6
12877,6
12878,6
12879,6
12880,6
12881,6
12882,6
12883,6
12885,6
12886,6
12887,6
12888,6
12889,6
12890,6
12891,6
12893,6
12894,6
12897,6
12898,6
12899,6
12900,6
12901,6
12903,6
12904,6
12905,6
12906,6
12907,6
12908,6
12909,6
12910,6
12911,6
12912,6
12913,6
12914,6
12915,6
12916,6
12917,6
12918,6
12921,6
12922,6
12923,6
12924,6
12925,6
12926,6
12927,6
12928,6
12929,6
12930,6
12931,6
12932,6
12933,6
12934,6
12935,6
12936,6
12937,6
12938,6
12939,6
12940,6
12942,6
12943,6
12946,6
12947,6
12948,6
12949,6
12950,6
12951,6
12952,6
12953,6
12954,6
12955,6
12956,6
12957,6
12958,6
12959,6
12962,6
12963,6
12964,6
12965,6
12966,6
12967,6
12968,6
12969,6
12971,6
12972,6
12973,6
12974,6
12975,6
12976,6
12977,6
12978,6
12979,6
12980,6
12981,6
12982,6
12983,6
12984,6
12985,6
12986,6
12987,6
12988,6
12989,6
12990,6
12991,6
12992,6
12993,6
12994,6
13000,6
13001,6
13002,6
13003,6
13004,6
13005,6
13006,6
13007,6
13008,6
13009,6
13010,6
13019,6
13020,6
13021,6
13022,6
13023,6
13024,6
13025,6
13026,6
13027,6
13028,6
13029,6
13031,6
13032,6
13033,6
13034,6
13035,6
13036,6
13037,6
13038,6
13039,6
13040,6
13041,6
13042,6
13043,6
13044,6
13045,6
13046,6
13047,6
13048,6
13049,6
13050,6
13051,6
13052,6
13053,6
13054,6
13059,6
13060,6
13061,6
13062,6
13064,6
13065,6
13066,6
13068,6
13069,6
13070,6
13071,6
13072,6
13073,6
13074,6
13077,6
13079,6
13080,6
13083,6
13084,6
13085,6
13086,6
13087,6
13088,6
13090,6
13091,6
13092,6
13093,6
13094,6
13099,6
13100,6
13101,6
13102,6
13103,6
13104,6
13105,6
13106,6
13107,6
13108,6
13109,6
13110,6
13111,6
13113,6
13115,6
13116,6
13117,6
13118,6
13119,6
13120,6
13121,6
13122,6
13123,6
13125,6
13126,6
13127,6
13128,6
13129,6
13130,6
13131,6
13132,6
13133,6
13134,6
13135,6
13136,6
13137,6
13138,6
13139,6
13140,6
13141,6
13145,6
13146,6
13148,6
13149,6
13150,6
13151,6
13152,6
13153,6
13154,6
13155,6
13156,6
13157,6
13158,6
13159,6
13160,6
13163,6
13164,6
13165,6
13166,6
13167,6
13170,6
13171,6
13172,6
13177,6
13178,6
13179,6
13183,6
13184,6
13185,6
13186,6
13196,6
13197,6
13198,6
13199,6
13200,6
13201,6
13202,6
13203,6
13208,6
13209,6
13210,6
13211,6
13212,6
13213,6
13214,6
13215,6
13216,6
13217,6
13218,6
13219,6
13220,6
13221,6
13222,6
13223,6
13224,6
13225,6
13226,6
13227,6
13228,6
13229,6
13230,6
13232,6
13237,6
13241,6
13242,6
13243,6
13244,6
13245,6
13246,6
13249,6
13250,6
13251,6
13252,6
13253,6
13254,6
13255,6
13256,6
13260,6
13261,6
13262,6
13263,6
13264,6
13265,6
13266,6
13270,6
13274,6
13275,6
13276,6
13277,6
13278,6
13279,6
13280,6
13282,6
13286,6
13289,6
13290,6
13292,6
13293,6
13294,6
13295,6
13296,6
13297,6
13298,6
13299,6
13300,6
13301,6
13302,6
13306,6
13307,6
13308,6
13309,6
13310,6
13311,6
13312,6
13313,6
13314,6
13315,6
13316,6
13317,6
13318,6
13319,6
13320,6
13321,6
13322,6
13324,6
13325,6
13328,6
13329,6
13330,6
13331,6
13335,6
13336,6
13337,6
13338,6
13339,6
13340,6
13341,6
13342,6
13346,6
13347,6
13348,6
13349,6
13350,6
13351,6
13353,6
13356,6
13357,6
13358,6
13359,6
13360,6
13361,6
13362,6
13363,6
13364,6
13365,6
13366,6
13368,6
13369,6
13370,6
13371,6
13372,6
13378,6
13379,6
13380,6
13381,6
13382,6
13383,6
13384,6
13385,6
13386,6
13387,6
13388,6
13389,6
13390,6
13391,6
13392,6
13393,6
13394,6
13395,6
13399,6
13400,6
13402,6
13403,6
13404,6
13405,6
13406,6
13407,6
13408,6
13409,6
13410,6
13411,6
13412,6
13413,6
13414,6
13419,6
13425,6
13426,6
13429,6
13430,6
13433,6
13436,6
13437,6
13438,6
13439,6
13441,6
13446,6
13447,6
13448,6
13453,6
13454,6
13455,6
13456,6
13457,6
13458,6
13459,6
13477,6
13478,6
13481,6
13482,6
13483,6
13484,6
13485,6
13486,6
13487,6
13488,6
13489,6
13490,6
13491,6
13492,6
13493,6
13494,6
13495,6
13496,6
13497,6
13498,6
13499,6
13500,6
13501,6
13502,6
13517,6
13518,6
13521,6
13522,6
13523,6
13524,6
13525,6
13526,6
13527,6
13528,6
13529,6
13530,6
13531,6
13532,6
13533,6
13534,6
13535,6
13536,6
13537,6
13538,6
13543,6
13544,6
13545,6
20001,6
20002,6
20003,6
20004,6
20005,6
20006,6
20007,6
20008,6
20009,6
20010,6
200102,6
200104,6
200106,6
200108,6
200109,6
20011,6
20012,6
20013,6
20014,6
20015,6
20016,6
20017,6
20018,6
20019,6
20020,6
20021,6
20022,6
20023,6
20024,6
20025,6
20026,6
20027,6
20028,6
20029,6
200297,6
20030,6
20031,6
20032,6
20033,6
20034,6
20035,6
20036,6
20037,6
20038,6
20039,6
20040,6
20041,6
20042,6
20043,6
20044,6
20045,6
20046,6
20047,6
20048,6
20049,6
20050,6
20051,6
20052,6
20053,6
20054,6
20055,6
20056,6
20057,6
20058,6
20059,6
20060,6
20061,6
20062,6
20063,6
20064,6
20065,6
20066,6
20067,6
20068,6
20069,6
20070,6
20071,6
20072,6
20073,6
20074,6
20075,6
20076,6
20077,6
20078,6
20079,6
20080,6
20081,6
20082,6
20083,6
20084,6
20085,6
20086,6
20087,6
20088,6
20089,6
20090,6
20091,6
20092,6
20093,6
20094,6
20095,6
20096,6
20097,6
20098,6
20099,6
20100,6
20101,6
20102,6
20103,6
20104,6
20105,6
20106,6
20107,6
20108,6
20109,6
20110,6
20111,6
20112,6
20113,6
20114,6
20115,6
20116,6
20118,6
20119,6
20120,6
20121,6
20122,6
20123,6
20124,6
20125,6
20126,6
20127,6
20128,6
20129,6
20130,6
20131,6
20138,6
20139,6
20140,6
20141,6
20142,6
20143,6
20144,6
20145,6
20146,6
20147,6
20148,6
20149,6
20150,6
20151,6
20154,6
20247,6
20248,6
20249,6
20250,6
20251,6
20252,6
20253,6
20254,6
20255,6
20256,6
20257,6
20258,6
20259,6
20261,6
20262,6
20263,6
20264,6
20265,6
20266,6
20267,6
20268,6
20269,6
20270,6
20271,6
20272,6
20273,6
20274,6
20275,6
20276,6
20277,6
20278,6
20279,6
20280,6
20281,6
20282,6
20283,6
20284,6
20285,6
20286,6
20287,6
20288,6
20289,6
20290,6
20291,6
20292,6
20293,6
20294,6
20295,6
20296,6
20297,6
20298,6
20299,6
20300,6
20301,6
20303,6
20304,6
20305,6
20401,6
20402,6
20403,6
20404,6
20405,6
20406,6
20407,6
20408,6
20409,6
20410,6
20411,6
20412,6
20413,6
20414,6
20415,6
20416,6
20417,6
20418,6
20419,6
20420,6
20421,6
20422,6
20423,6
20424,6
20425,6
20426,6
20427,6
20428,6
20429,6
20430,6
20431,6
20432,6
20433,6
20434,6
20435,6
20436,6
20437,6
20438,6
20439,6
20440,6
20441,6
20442,6
20443,6
20444,6
20445,6
20446,6
20447,6
20448,6
20449,6
20450,6
20451,6
20452,6
20453,6
20454,6
20455,6
20456,6
20457,6
20458,6
20459,6
20460,6
20461,6
20462,6
20463,6
20464,6
20465,6
20466,6
20467,6
20468,6
20469,6
20470,6
20471,6
20472,6
20473,6
20474,6
20475,6
20476,6
20477,6
20478,6
20479,6
20480,6
20481,6
20482,6
20483,6
20484,6
20485,6
20486,6
20487,6
20488,6
20489,6
20490,6
20491,6
20492,6
20493,6
20494,6
20495,6
20496,6
20497,6
20498,6
20499,6
20500,6
20501,6
20502,6
20503,6
20504,6
20505,6
20506,6
20507,6
20508,6
20509,6
20510,6
20511,6
20512,6
20513,6
20514,6
20515,6
20516,6
20517,6
20518,6
20519,6
20520,6
20521,6
20522,6
20523,6
20524,6
20525,6
20526,6
20527,6
20528,6
20529,6
20530,6
20531,6
20532,6
20533,6
20534,6
20535,6
20536,6
20537,6
20538,6
20539,6
20540,6
20541,6
20542,6
20543,6
20544,6
20545,6
20546,6
20547,6
20548,6
20549,6
20550,6
20551,6
20552,6
20553,6
20554,6
20555,6
20556,6
20557,6
20558,6
20559,6
20560,6
20561,6
20562,6
20563,6
20564,6
20565,6
20566,6
20567,6
20568,6
20569,6
20570,6
20571,6
20572,6
20573,6
20574,6
20575,6
20576,6
20577,6
20578,6
20579,6
20580,6
20581,6
20582,6
20583,6
20584,6
20585,6
20586,6
20587,6
20588,6
20589,6
20590,6
20591,6
20592,6
20593,6
20594,6
20595,6
20596,6
20597,6
20598,6
20599,6
20600,6
20601,6
20603,6
20605,6
20606,6
20607,6
20608,6
20609,6
20610,6
20611,6
20612,6
20613,6
20614,6
20615,6
20616,6
20617,6
20618,6
20619,6
20620,6
20621,6
20622,6
20623,6
20624,6
20625,6
20626,6
20627,6
20628,6
20629,6
20630,6
20631,6
20632,6
20633,6
20634,6
20635,6
20636,6
20637,6
20638,6
20639,6
20640,6
20641,6
20642,6
20643,6
20644,6
20645,6
20646,6
20647,6
20648,6
20649,6
20650,6
20651,6
20652,6
20653,6
20654,6
20655,6
20656,6
20657,6
20658,6
20659,6
20660,6
20661,6
20662,6
20663,6
20664,6
20665,6
20666,6
20667,6
20668,6
20669,6
20670,6
20671,6
20672,6
20673,6
20674,6
20675,6
20677,6
20678,6
20679,6
20680,6
20681,6
20682,6
20683,6
20684,6
20685,6
20686,6
20687,6
20688,6
20689,6
20690,6
20691,6
20692,6
20693,6
20694,6
20695,6
20696,6
20698,6
20699,6
20701,6
20702,6
20703,6
20704,6
20705,6
20706,6
20708,6
20709,6
20711,6
20712,6
29001,6
29002,6
29051,6
29052,6
29053,6
29054,6
29055,6
29056,6
29057,6
29058,6
29101,6
29102,6
29103,6
29104,6
29105,6
29106,6
29107,6
29108,6
29109,6
29110,6
29111,6
29112,6
29113,6
29114,6
29115,6
29116,6
29117,6
29118,6
29119,6
29120,6
29121,6
29122,6
29123,6
29124,6
29125,6
29126,6
29127,6
29128,6
29129,6
29130,6
29131,6
29132,6
29133,6
29134,6
29135,6
29136,6
29137,6
29138,6
29139,6
30001,6
30002,6
30003,6
30004,6
30005,6
30006,6
30007,6
30008,6
30009,6
30010,6
30011,6
30012,6
30013,6
30014,6
30015,6
30016,6
30017,6
30018,6
30019,6
30020,6
30021,6
30022,6
30023,6
30024,6
30025,6
30026,6
30027,6
30028,6
30029,6
30030,6
30031,6
30032,6
30033,6
30034,6
30035,6
30036,6
30037,6
30038,6
30039,6
30040,6
30041,6
30042,6
30043,6
30044,6
30045,6
30046,6
30047,6
30048,6
30049,6
30050,6
30051,6
30052,6
30053,6
30054,6
30055,6
30056,6
30057,6
30058,6
30059,6
30060,6
30061,6
30062,6
30063,6
30064,6
30065,6
30066,6
30067,6
30068,6
30069,6
30070,6
30071,6
30072,6
30073,6
30074,6
30075,6
30076,6
30077,6
30078,6
30079,6
30080,6
30081,6
30082,6
30083,6
30084,6
30085,6
30101,6
30102,6
30103,6
30104,6
30105,6
30106,6
30107,6
30108,6
30109,6
30110,6
30111,6
30112,6
30113,6
30114,6
30115,6
30116,6
30117,6
30118,6
30119,6
30120,6
30121,6
30122,6
30123,6
30124,6
30125,6
30126,6
30127,6
30128,6
30129,6
30130,6
30131,6
30132,6
30133,6
30134,6
30135,6
30136,6
30137,6
30138,6
30139,6
30140,6
30141,6
30142,6
30143,6
30144,6
30145,6
30146,6
30147,6
30148,6
30149,6
30150,6
30151,6
30152,6
30153,6
30154,6
30155,6
30156,6
30157,6
30158,6
30159,6
30160,6
30161,6
30162,6
30163,6
30164,6
30165,6
30166,6
30167,6
30168,6
30169,6
30170,6
30171,6
30172,6
30173,6
30174,6
30175,6
30176,6
30177,6
30178,6
30179,6
30180,6
30181,6
30182,6
30183,6
30184,6
30185,6
30186,6
30187,6
30188,6
30189,6
30190,6
30191,6
30192,6
30193,6
30194,6
30195,6
30196,6
30197,6
30198,6
30199,6
30200,6
30201,6
30202,6
30203,6
30204,6
30205,6
30206,6
30207,6
30208,6
30209,6
30210,6
30211,6
30212,6
30213,6
30214,6
30215,6
30216,6
30217,6
30218,6
30219,6
30220,6
30221,6
30222,6
30223,6
30224,6
30225,6
30226,6
30227,6
30228,6
30229,6
30230,6
30231,6
30232,6
30233,6
30234,6
30235,6
30236,6
30237,6
30238,6
30239,6
30240,6
30241,6
30242,6
30243,6
30244,6
30245,6
30246,6
30247,6
30248,6
30249,6
30251,6
30252,6
30253,6
30254,6
30256,6
30257,6
30258,6
30259,6
30260,6
30261,6
30262,6
30263,6
30264,6
30265,6
30266,6
30267,6
30268,6
30269,6
30270,6
30271,6
30272,6
30274,6
30275,6
30276,6
30397,6
330054,6
330057,6
330058,6
330060,6
35001,6
35002,6
35003,6
35004,6
35005,6
35006,6
35007,6
35008,6
35009,6
35010,6
35011,6
35012,6
35013,6
35014,6
35015,6
35016,6
35017,6
35018,6
35019,6
35020,6
35021,6
35022,6
35023,6
35024,6
35025,6
35026,6
35027,6
35028,6
35029,6
35030,6
35031,6
35032,6
35033,6
35034,6
35035,6
35036,6
35037,6
35038,6
35039,6
35040,6
35041,6
35042,6
35043,6
35044,6
35045,6
35046,6
35047,6
35048,6
35049,6
35050,6
35051,6
35052,6
35053,6
35054,6
35055,6
35056,6
35057,6
35058,6
35059,6
35060,6
35061,6
35062,6
35063,6
35064,6
35065,6
35066,6
35067,6
35068,6
35069,6
35070,6
35071,6
35072,6
35073,6
35074,6
35075,6
35076,6
35077,6
35078,6
35079,6
35080,6
400001,6
40001,6
40002,6
40003,6
40004,6
40005,6
40006,6
40007,6
40008,6
40009,6
40010,6
40011,6
40012,6
40013,6
40014,6
40015,6
40016,6
40017,6
40018,6
40019,6
40051,6
40052,6
40053,6
40054,6
40055,6
40056,6
40057,6
40058,6
40059,6
40060,6
40061,6
40062,6
40063,6
40064,6
40065,6
40066,6
40067,6
40068,6
40069,6
40070,6
40071,6
40072,6
40073,6
40074,6
40075,6
40076,6
40077,6
40078,6
40079,6
40080,6
40081,6
40082,6
40083,6
40084,6
40085,6
40086,6
40087,6
40088,6
40089,6
40090,6
40091,6
40092,6
40093,6
40094,6
40095,6
40096,6
40097,6
40098,6
40099,6
40100,6
40101,6
40102,6
40103,6
40104,6
40105,6
40106,6
40107,6
40108,6
40109,6
40110,6
40111,6
40112,6
40113,6
40114,6
40115,6
40150,6
40151,6
40152,6
40153,6
40154,6
40155,6
40156,6
40157,6
40158,6
40201,6
40202,6
40203,6
40204,6
40303,6
40304,6
40305,6
40306,6
40307,6
40308,6
45001,6
45002,6
45003,6
45004,6
45005,6
45006,6
45007,6
45008,6
45101,6
45102,6
46001,6
46002,6
46003,6
46004,6
46005,6
46006,6
46007,6
46008,6
46009,6
46010,6
46011,6
46012,6
46013,6
46014,6
46015,6
46016,6
46017,6
46018,6
46019,6
46020,6
46021,6
46022,6
46023,6
46024,6
46025,6
46026,6
46027,6
46028,6
46029,6
46030,6
46031,6
46032,6
46033,6
46034,6
46035,6
46036,6
46037,6
46038,6
46039,6
46040,6
46041,6
46042,6
46043,6
46044,6
46045,6
46046,6
46047,6
46048,6
46049,6
46050,6
46051,6
46052,6
46053,6
46054,6
46055,6
46056,6
46057,6
46058,6
46059,6
46060,6
46061,6
46062,6
46063,6
46064,6
46065,6
46066,6
46067,6
49951,6
49952,6
49953,6
49955,6
50001,6
50002,6
50003,6
50004,6
50005,6
50006,6
50007,6
50008,6
50011,6
50012,6
50013,6
50014,6
50015,6
50016,6
50017,6
50018,6
50019,6
50020,6
50021,6
50022,6
50023,6
50024,6
50025,6
50026,6
50027,6
50028,6
50029,6
50030,6
50031,6
50032,6
50033,6
50034,6
50035,6
50036,6
50037,6
50038,6
50039,6
50040,6
50041,6
50042,6
50043,6
50044,6
50045,6
50046,6
50047,6
50048,6
50049,6
50050,6
50051,6
50052,6
50053,6
50054,6
50055,6
50056,6
50057,6
50058,6
50059,6
50060,6
50061,6
50062,6
50063,6
50064,6
50065,6
50066,6
50067,6
50068,6
50069,6
50070,6
50071,6
50072,6
50073,6
50074,6
50075,6
50076,6
50077,6
50078,6
50079,6
50080,6
50081,6
50082,6
50083,6
50084,6
50085,6
50086,6
50087,6
50088,6
50089,6
50090,6
50091,6
50092,6
50093,6
50094,6
50095,6
50096,6
50097,6
50098,6
50099,6
50100,6
50101,6
50102,6
50103,6
50104,6
50105,6
50106,6
50107,6
50108,6
50109,6
50110,6
50111,6
50112,6
50113,6
50114,6
50115,6
50116,6
50117,6
50118,6
50119,6
50120,6
50121,6
50122,6
50123,6
50124,6
50125,6
50126,6
50127,6
50128,6
50129,6
50130,6
50131,6
50132,6
50133,6
50134,6
50135,6
50136,6
50137,6
50138,6
50139,6
50140,6
50141,6
50142,6
50143,6
50144,6
50145,6
50146,6
50147,6
50148,6
50149,6
50150,6
50151,6
50152,6
50153,6
50154,6
50155,6
50156,6
50157,6
50158,6
50159,6
50160,6
50161,6
50162,6
50163,6
50164,6
50165,6
50166,6
50167,6
50168,6
50169,6
50170,6
50171,6
50172,6
50173,6
50174,6
50175,6
50176,6
50177,6
50178,6
50179,6
50180,6
50181,6
50182,6
50183,6
50184,6
50185,6
50186,6
50187,6
50188,6
50189,6
50190,6
50191,6
50192,6
50193,6
50194,6
50195,6
50196,6
50197,6
50198,6
50199,6
50200,6
50201,6
50202,6
50203,6
50204,6
50205,6
50206,6
50207,6
50208,6
50209,6
50210,6
50211,6
50212,6
50213,6
50214,6
50215,6
50216,6
50217,6
50218,6
50219,6
50220,6
50221,6
50222,6
50223,6
50224,6
50225,6
50226,6
50227,6
50228,6
50229,6
50230,6
50231,6
50232,6
50233,6
50234,6
50235,6
50236,6
50237,6
50238,6
50239,6
50240,6
50241,6
50242,6
50243,6
50244,6
50245,6
50246,6
50247,6
50248,6
50249,6
50250,6
50251,6
50252,6
50253,6
50254,6
50255,6
50256,6
50257,6
50258,6
50259,6
50260,6
50261,6
50262,6
50263,6
50264,6
50269,6
50270,6
50271,6
50273,6
50274,6
50275,6
50276,6
50277,6
50278,6
50279,6
50280,6
50281,6
50282,6
50283,6
50284,6
50285,6
50286,6
50287,6
50288,6
50289,6
50290,6
50291,6
50292,6
50293,6
50294,6
50295,6
50296,6
50297,6
50298,6
50299,6
50300,6
50301,6
50302,6
50303,6
50304,6
50305,6
50306,6
50307,6
50308,6
50309,6
50310,6
50311,6
50312,6
50313,6
50314,6
50315,6
50316,6
50317,6
50318,6
50319,6
50320,6
50321,6
50322,6
50323,6
50324,6
50325,6
50326,6
50327,6
50328,6
50329,6
50330,6
50331,6
50332,6
50333,6
50334,6
50335,6
50336,6
50337,6
50338,6
50339,6
50340,6
50341,6
50342,6
50343,6
50344,6
50345,6
50346,6
50348,6
50349,6
50350,6
50351,6
50352,6
50358,6
50359,6
50360,6
50361,6
50362,6
50363,6
50364,6
55001,6
55002,6
55003,6
55004,6
55005,6
55006,6
55007,6
55008,6
55009,6
55010,6
55011,6
55012,6
55013,6
55014,6
55015,6
55016,6
55017,6
55018,6
55019,6
55020,6
55021,6
55022,6
55023,6
55024,6
55025,6
55026,6
55027,6
55028,6
55029,6
55030,6
55031,6
55032,6
55033,6
55034,6
55035,6
55036,6
55037,6
55038,6
55039,6
55040,6
55041,6
55042,6
55043,6
55044,6
55045,6
55046,6
55047,6
55048,6
55049,6
55050,6
55051,6
55052,6
55054,6
55055,6
55056,6
55057,6
55058,6
55059,6
55060,6
55061,6
55062,6
55063,6
55064,6
55065,6
55066,6
55067,6
55068,6
55069,6
55070,6
55071,6
55072,6
55073,6
55074,6
55075,6
58001,6
58002,6
58003,6
58004,6
58005,6
58006,6
58007,6
58008,6
58009,6
58010,6
58011,6
58012,6
58013,6
58014,6
58015,6
58016,6
58017,6
58018,6
58019,6
58020,6
58021,6
58022,6
58023,6
58024,6
58025,6
58026,6
58027,6
58028,6
58029,6
58030,6
58031,6
58032,6
58033,6
58034,6
58035,6
58036,6
58037,6
58038,6
58039,6
58040,6
58042,6
59001,6
59002,6
59003,6
59004,6
59005,6
59006,6
59007,6
59008,6
59009,6
59010,6
59011,6
59012,6
59013,6
59014,6
59015,6
59016,6
59017,6
59018,6
59019,6
59020,6
59021,6
59022,6
59023,6
59024,6
59025,6
59026,6
59027,6
59028,6
59029,6
59030,6
59031,6
59032,6
59033,6
59034,6
59035,6
59036,6
59037,6
59038,6
59039,6
59040,6
59041,6
59042,6
59043,6
59044,6
59045,6
59046,6
59047,6
59048,6
59049,6
59050,6
59051,6
59052,6
59053,6
59054,6
59055,6
59056,6
59057,6
59058,6
59059,6
59062,6
59063,6
59064,6
59065,6
59066,6
59067,6
59068,6
59069,6
59070,6
60001,6
60002,6
60003,6
60004,6
60005,6
60006,6
60007,6
60008,6
60009,6
60010,6
60011,6
60012,6
60013,6
60014,6
60015,6
60016,6
60017,6
60018,6
60019,6
60020,6
60021,6
60022,6
60023,6
60024,6
60025,6
60026,6
60027,6
60028,6
60029,6
60030,6
60031,6
60032,6
60033,6
60034,6
60035,6
60036,6
60037,6
60038,6
60039,6
60040,6
60041,6
60042,6
60043,6
60044,6
60045,6
60046,6
60047,6
60048,6
60049,6
60050,6
60051,6
60052,6
60053,6
60054,6
60055,6
60056,6
60057,6
60058,6
60059,6
60060,6
60061,6
60062,6
60063,6
60064,6
60065,6
60066,6
60067,6
60068,6
60069,6
60070,6
60071,6
60072,6
60073,6
60074,6
60075,6
60076,6
60077,6
60079,6
60080,6
60081,6
60082,6
60095,6
60096,6
60097,6
60098,6
60099,6
60100,6
60101,6
60102,6
60103,6
60104,6
60118,6
60119,6
60129,6
60130,6
60131,6
60133,6
60134,6
60137,6
60139,6
60145,6
60146,6
60147,6
60150,6
60154,6
60155,6
60156,6
60157,6
60158,6
60159,6
60160,6
60162,6
60163,6
60165,6
60166,6
60167,6
60174,6
60175,6
60176,6
60177,6
60178,6
60189,6
60190,6
60194,6
60195,6
60196,6
60197,6
60198,6
60199,6
60200,6
60201,6
60202,6
60203,6
60204,6
60205,6
60206,6
60207,6
60208,6
60209,6
60210,6
60211,6
60212,6
60213,6
60215,6
60216,6
60217,6
60218,6
60220,6
60221,6
60222,6
60223,6
60224,6
60225,6
60226,6
60227,6
60228,6
60229,6
60230,6
60231,6
60232,6
60233,6
60234,6
60235,6
60236,6
60237,6
60238,6
60239,6
60240,6
60241,6
60242,6
60243,6
60244,6
60245,6
60246,6
60247,6
60248,6
60249,6
60250,6
60251,6
60252,6
60253,6
60254,6
60255,6
60256,6
60257,6
60258,6
60259,6
60260,6
60261,6
60262,6
60263,6
60264,6
60265,6
60266,6
60267,6
60268,6
60269,6
60270,6
60271,6
60272,6
60273,6
60274,6
60275,6
60280,6
60281,6
60284,6
60285,6
60286,6
60287,6
60288,6
60289,6
60290,6
60291,6
60292,6
60293,6
60294,6
60295,6
60297,6
60298,6
60299,6
60300,6
60301,6
60302,6
60303,6
60304,6
60305,6
60306,6
60307,6
60308,6
60309,6
60310,6
60311,6
60312,6
60315,6
60316,6
60317,6
60318,6
60319,6
60320,6
60321,6
60322,6
60323,6
60324,6
60325,6
60326,6
60327,6
60328,6
60329,6
60333,6
60334,6
60335,6
60336,6
60337,6
60338,6
60352,6
60353,6
60354,6
60355,6
60356,6
60357,6
60358,6
60359,6
60360,6
60361,6
60362,6
60363,6
60364,6
60365,6
60366,6
60367,6
60368,6
60369,6
60370,6
60371,6
60372,6
60373,6
60374,6
60375,6
60376,6
60377,6
60378,6
60379,6
60380,6
60381,6
60382,6
60383,6
60384,6
60385,6
60386,6
60387,6
60388,6
60389,6
60390,6
60392,6
60393,6
60394,6
60395,6
60396,6
60397,6
60398,6
60399,6
60400,6
60401,6
60402,6
60403,6
60404,6
60405,6
60406,6
60407,6
60408,6
60409,6
60410,6
60411,6
60412,6
60413,6
60414,6
60415,6
60416,6
60417,6
60418,6
60419,6
60420,6
60421,6
60422,6
60423,6
60424,6
60425,6
60426,6
60427,6
60428,6
60429,6
60430,6
60431,6
60432,6
60433,6
60434,6
60435,6
60436,6
60437,6
60438,6
60439,6
60440,6
60441,6
60442,6
60443,6
60444,6
60445,6
60446,6
60447,6
60448,6
60449,6
60450,6
60451,6
60452,6
60453,6
60454,6
60455,6
60456,6
60457,6
60458,6
60459,6
60460,6
60461,6
60462,6
60463,6
60464,6
60465,6
60466,6
60467,6
60468,6
60469,6
60470,6
60471,6
60472,6
60473,6
60474,6
60475,6
60476,6
60477,6
60478,6
60479,6
60480,6
60481,6
60482,6
60483,6
60484,6
60485,6
60486,6
60487,6
60488,6
60489,6
60490,6
60491,6
60492,6
60493,6
60494,6
60495,6
60496,6
60497,6
60498,6
60499,6
60500,6
60501,6
60502,6
60503,6
60504,6
60505,6
60506,6
60507,6
60508,6
60509,6
60510,6
60511,6
60512,6
60513,6
60514,6
60515,6
60516,6
60517,6
60518,6
60519,6
60520,6
60521,6
60522,6
60523,6
60524,6
60525,6
60526,6
60527,6
60528,6
60529,6
60530,6
60531,6
60532,6
60533,6
60534,6
60535,6
60536,6
60537,6
60538,6
60539,6
60540,6
60541,6
60542,6
60543,6
60544,6
60545,6
60546,6
60547,6
60548,6
60549,6
60550,6
60551,6
60552,6
60553,6
60554,6
60555,6
60556,6
60557,6
60559,6
60561,6
60562,6
60563,6
60564,6
60565,6
60566,6
60567,6
60568,6
60569,6
60570,6
60571,6
60572,6
60574,6
60576,6
60577,6
60578,6
60579,6
60580,6
60581,6
60582,6
60583,6
60584,6
60585,6
60586,6
60587,6
60588,6
60589,6
60590,6
60591,6
60592,6
60593,6
60594,6
60595,6
60596,6
60597,6
60598,6
60599,6
60601,6
60602,6
60603,6
60604,6
60605,6
60606,6
60607,6
60608,6
60609,6
60610,6
60611,6
60612,6
60613,6
60614,6
60615,6
60616,6
60617,6
60618,6
60619,6
60620,6
60621,6
60622,6
60623,6
60624,6
60625,6
60626,6
60627,6
60628,6
60629,6
60630,6
60631,6
60632,6
60633,6
60634,6
60635,6
60636,6
60637,6
60638,6
60639,6
60640,6
60641,6
60642,6
60643,6
60644,6
60645,6
60646,6
60647,6
60648,6
60649,6
60650,6
60651,6
60652,6
60653,6
60654,6
60655,6
60656,6
60657,6
60658,6
60659,6
60660,6
60661,6
60662,6
60663,6
60664,6
60665,6
60666,6
60667,6
60668,6
60669,6
60670,6
60671,6
60672,6
60673,6
60674,6
60675,6
60676,6
60677,6
60678,6
60679,6
60680,6
60681,6
60682,6
60683,6
60684,6
60685,6
60686,6
60687,6
60688,6
60689,6
60690,6
60691,6
60692,6
60693,6
60694,6
60695,6
60696,6
60697,6
60698,6
60699,6
60700,6
60701,6
60702,6
60703,6
60704,6
60705,6
60706,6
60707,6
60708,6
60709,6
60710,6
60711,6
60713,6
60714,6
60751,6
60752,6
60753,6
60754,6
60755,6
60756,6
60757,6
60758,6
60759,6
60760,6
60761,6
60762,6
60763,6
60764,6
60765,6
60766,6
60767,6
60768,6
60769,6
60770,6
60771,6
60801,6
60802,6
60803,6
60804,6
60805,6
60806,6
60807,6
60808,6
60809,6
60810,6
60811,6
60812,6
60813,6
60814,6
60815,6
60816,6
60817,6
60818,6
60819,6
60820,6
60821,6
60822,6
60823,6
60824,6
60825,6
60826,6
60827,6
60828,6
60829,6
60830,6
60831,6
60832,6
60833,6
60834,6
60835,6
60836,6
60837,6
60838,6
60839,6
60840,6
60841,6
60842,6
60843,6
60844,6
60845,6
60901,6
60902,6
60903,6
60904,6
60905,6
60906,6
60907,6
60908,6
60909,6
60910,6
60911,6
60912,6
60913,6
60914,6
60915,6
60916,6
60917,6
60918,6
60919,6
60920,6
60921,6
60922,6
60923,6
60924,6
60926,6
60927,6
60928,6
60929,6
60930,6
60931,6
60932,6
60933,6
60934,6
60935,6
60936,6
60937,6
60938,6
60939,6
60940,6
60942,6
60943,6
60945,6
60946,6
60947,6
60948,6
60949,6
60950,6
60951,6
60952,6
60953,6
60954,6
60955,6
60956,6
60957,6
60958,6
60959,6
60960,6
60961,6
60962,6
60963,6
60964,6
60965,6
60966,6
60967,6
60968,6
60969,6
60970,6
60971,6
60972,6
60973,6
60974,6
60975,6
60976,6
60977,6
60978,6
60979,6
60980,6
60981,6
60982,6
60983,6
60984,6
60985,6
60986,6
60987,6
60988,6
60989,6
60990,6
60991,6
60992,6
60993,6
60994,6
60995,6
60996,6
60997,6
60998,6
60999,6
61001,6
61002,6
61006,6
61007,6
61008,6
61009,6
61010,6
61011,6
61012,6
61013,6
61014,6
61015,6
61016,6
61017,6
61018,6
61019,6
61020,6
61021,6
61022,6
61023,6
61024,6
61025,6
61026,6
61027,6
61028,6
61029,6
61030,6
61031,6
61032,6
61033,6
61034,6
61035,6
61037,6
61038,6
61039,6
61040,6
61041,6
61042,6
61043,6
61044,6
61045,6
61046,6
61047,6
61048,6
61049,6
61050,6
61051,6
61052,6
61053,6
61054,6
61055,6
61056,6
61057,6
61058,6
61059,6
61060,6
61061,6
61062,6
61063,6
61081,6
61082,6
61084,6
61085,6
61087,6
61088,6
61089,6
61090,6
61091,6
61092,6
61093,6
61095,6
61110,6
61113,6
61115,6
61116,6
61121,6
61122,6
61123,6
61124,6
61125,6
61126,6
61127,6
61128,6
61129,6
61130,6
61131,6
61132,6
61133,6
61148,6
61151,6
61152,6
61161,6
61162,6
61163,6
61164,6
62001,6
62002,6
62003,6
62004,6
62005,6
62006,6
62007,6
62008,6
62009,6
62010,6
62011,6
62012,6
62013,6
62501,6
62502,6
62503,6
62504,6
65044,6
65046,6
65047,6
65048,6
65049,6
65050,6
65051,6
65056,6
65057,6
65058,6
65059,6
65060,6
65061,6
65062,6
65063,6
65065,6
65066,6
65067,6
65068,6
65069,6
70001,6
70002,6
70003,6
70004,6
70005,6
70006,6
70007,6
70008,6
70009,6
70010,6
70011,6
70012,6
70013,6
70014,6
70015,6
70016,6
70017,6
70018,6
70019,6
70020,6
70021,6
70022,6
70023,6
70024,6
70025,6
70026,6
70027,6
70028,6
70029,6
70030,6
70031,6
70032,6
70033,6
70034,6
70035,6
70036,6
70037,6
70038,6
70039,6
70040,6
70041,6
70042,6
70043,6
70044,6
70045,6
70046,6
70047,6
70048,6
70049,6
70050,6
70051,6
70052,6
70053,6
70054,6
70055,6
70056,6
70057,6
70058,6
70059,6
70060,6
70061,6
70062,6
70063,6
70064,6
70065,6
70066,6
70067,6
70068,6
70069,6
70070,6
70071,6
70072,6
70073,6
70074,6
70075,6
70076,6
70077,6
70078,6
70079,6
70080,6
70081,6
70082,6
70083,6
70084,6
70085,6
70086,6
70087,6
70088,6
70089,6
70090,6
70091,6
70092,6
70093,6
70094,6
70095,6
70096,6
70097,6
70098,6
70099,6
70100,6
70101,6
70102,6
70103,6
70104,6
70105,6
70106,6
70107,6
70108,6
70109,6
70110,6
70111,6
70114,6
70115,6
70116,6
70117,6
70118,6
70119,6
70120,6
70121,6
70122,6
70123,6
70124,6
70125,6
70126,6
70127,6
70128,6
70129,6
70130,6
70131,6
70132,6
70133,6
70134,6
70135,6
70136,6
70137,6
70138,6
70139,6
70140,6
70141,6
70142,6
70143,6
70144,6
70145,6
70146,6
70147,6
70148,6
70149,6
70150,6
70151,6
70152,6
70153,6
70154,6
70155,6
70156,6
70157,6
70158,6
70159,6
70160,6
70161,6
70162,6
70163,6
70164,6
70165,6
70166,6
70167,6
70168,6
70169,6
70170,6
70171,6
70172,6
70173,6
70174,6
70175,6
70176,6
70177,6
70178,6
70179,6
70180,6
70181,6
70182,6
70183,6
70184,6
70185,6
70186,6
70187,6
70188,6
70189,6
70190,6
70191,6
70192,6
70193,6
70194,6
70195,6
70196,6
70197,6
70198,6
70199,6
70200,6
70201,6
70202,6
70203,6
70204,6
70205,6
70206,6
70207,6
70208,6
70209,6
70210,6
70211,6
70212,6
70213,6
70214,6
70215,6
70216,6
70217,6
70218,6
70219,6
70220,6
70221,6
70222,6
70223,6
70224,6
70225,6
70226,6
70227,6
70228,6
70229,6
70230,6
70231,6
70232,6
70233,6
70234,6
70235,6
70236,6
70237,6
70238,6
70239,6
70240,6
70241,6
70242,6
70243,6
70244,6
70245,6
70246,6
70247,6
70248,6
70249,6
70250,6
70251,6
70252,6
70253,6
70254,6
70255,6
70256,6
70257,6
70258,6
70259,6
70260,6
70261,6
70262,6
70263,6
70264,6
70265,6
70266,6
70267,6
70268,6
70269,6
70270,6
70271,6
70272,6
70273,6
70274,6
70275,6
70276,6
70277,6
70278,6
70279,6
70280,6
70281,6
70282,6
70283,6
70284,6
70285,6
70286,6
70287,6
70288,6
70289,6
70290,6
70291,6
70292,6
70293,6
70294,6
70295,6
70296,6
70297,6
70298,6
70299,6
70300,6
70301,6
70302,6
70303,6
70304,6
70305,6
70306,6
70307,6
70308,6
70309,6
70310,6
70311,6
70312,6
70313,6
70314,6
70315,6
70316,6
70317,6
70318,6
70319,6
70320,6
70321,6
70322,6
70323,6
70324,6
70325,6
70326,6
70327,6
70328,6
70329,6
70330,6
70331,6
70332,6
70333,6
70334,6
70335,6
70336,6
70337,6
70338,6
70339,6
70340,6
70341,6
70342,6
70343,6
70344,6
70345,6
70346,6
70347,6
70348,6
70349,6
70350,6
70351,6
70352,6
70353,6
70354,6
70355,6
70356,6
70357,6
70358,6
70359,6
70360,6
70361,6
70362,6
70363,6
70364,6
70365,6
70366,6
70367,6
70368,6
70369,6
70370,6
70371,6
70372,6
70373,6
70374,6
70375,6
70376,6
70377,6
70378,6
70379,6
70380,6
70381,6
70382,6
70383,6
70384,6
70385,6
70386,6
70387,6
70388,6
70389,6
70390,6
70391,6
70392,6
70393,6
70394,6
70395,6
70396,6
70397,6
70398,6
70399,6
70400,6
70401,6
70402,6
70403,6
70404,6
70405,6
70406,6
70407,6
70408,6
70409,6
70410,6
70411,6
70412,6
70413,6
70414,6
70415,6
70416,6
70417,6
70418,6
70419,6
70420,6
70421,6
70422,6
70423,6
70424,6
70425,6
70426,6
70427,6
70428,6
70429,6
70430,6
70431,6
70432,6
70433,6
70434,6
70435,6
70436,6
70437,6
70438,6
70439,6
70440,6
70441,6
70442,6
70443,6
70444,6
70445,6
70446,6
70447,6
70448,6
70449,6
70450,6
70451,6
70452,6
70453,6
70454,6
70455,6
70456,6
70457,6
70458,6
70459,6
70460,6
70461,6
70462,6
70463,6
70464,6
70465,6
70466,6
70467,6
70468,6
70469,6
70470,6
70471,6
70472,6
70473,6
70474,6
70475,6
70476,6
70477,6
70478,6
70479,6
70480,6
70481,6
70482,6
70483,6
70484,6
70485,6
70486,6
70487,6
70488,6
70489,6
70490,6
70491,6
70492,6
70493,6
70494,6
70495,6
70496,6
70497,6
70498,6
70499,6
70500,6
70501,6
70502,6
70503,6
70504,6
70505,6
70506,6
70507,6
70508,6
70509,6
70510,6
70511,6
70512,6
70513,6
70514,6
70515,6
70516,6
70517,6
70518,6
70519,6
70520,6
70521,6
70522,6
70523,6
70524,6
70525,6
70526,6
70527,6
70528,6
70529,6
70530,6
70531,6
70532,6
70533,6
70534,6
70535,6
70536,6
70537,6
70538,6
70539,6
70540,6
70541,6
70542,6
70543,6
70544,6
70545,6
70546,6
70547,6
70548,6
70549,6
70550,6
70551,6
70552,6
70553,6
70554,6
70555,6
70556,6
70557,6
70558,6
70559,6
70560,6
70561,6
70562,6
70563,6
70564,6
70565,6
70566,6
70567,6
70568,6
70569,6
70570,6
70571,6
70572,6
70573,6
70574,6
70575,6
70576,6
70577,6
70578,6
70579,6
70580,6
70581,6
70582,6
70583,6
70584,6
70585,6
70586,6
70587,6
70588,6
70589,6
70590,6
70591,6
70592,6
70593,6
70594,6
70595,6
70596,6
70597,6
70598,6
70599,6
70600,6
70601,6
70602,6
70603,6
70604,6
70605,6
70606,6
70607,6
70608,6
70609,6
70610,6
70611,6
70612,6
70615,6
70616,6
70617,6
70618,6
70619,6
70620,6
70621,6
70622,6
70623,6
70624,6
70625,6
70626,6
70627,6
70628,6
70629,6
70630,6
70631,6
70632,6
70633,6
70634,6
70635,6
70636,6
70637,6
70638,6
70639,6
70640,6
70641,6
70642,6
70643,6
70644,6
70645,6
70646,6
70647,6
70648,6
70749,6
70750,6
70751,6
70752,6
70753,6
70754,6
70755,6
70756,6
70757,6
70758,6
70759,6
70760,6
70761,6
70762,6
70763,6
70764,6
70765,6
70766,6
70767,6
70768,6
70769,6
70770,6
70771,6
70772,6
70773,6
70774,6
70775,6
70776,6
70777,6
70778,6
70779,6
70780,6
70781,6
70782,6
70783,6
70784,6
70785,6
70786,6
70787,6
70788,6
70789,6
70790,6
70791,6
70792,6
70793,6
70794,6
70795,6
70796,6
70797,6
70798,6
70799,6
70800,6
70801,6
70802,6
70803,6
70804,6
70805,6
70806,6
70807,6
70808,6
70809,6
70810,6
70811,6
70812,6
70813,6
70814,6
70815,6
70816,6
70817,6
70818,6
70819,6
70820,6
70821,6
70823,6
70824,6
70825,6
70826,6
70827,6
70828,6
70829,6
70830,6
70831,6
70832,6
70833,6
70834,6
70835,6
70836,6
70837,6
70838,6
70839,6
70840,6
70841,6
70842,6
70843,6
70844,6
70845,6
70846,6
70847,6
70848,6
70849,6
70850,6
70851,6
70852,6
70853,6
70854,6
70855,6
70856,6
70857,6
70858,6
70859,6
70860,6
70861,6
70862,6
70863,6
70864,6
70865,6
70866,6
70867,6
70868,6
70869,6
70870,6
70871,6
70872,6
70873,6
70874,6
70875,6
70877,6
70878,6
70879,6
70880,6
70881,6
70882,6
70883,6
70884,6
70885,6
70886,6
70887,6
70888,6
70889,6
70890,6
70891,6
70892,6
70893,6
70894,6
70895,6
70896,6
70897,6
70898,6
70899,6
70900,6
70901,6
70902,6
70903,6
70904,6
70905,6
70906,6
70907,6
70908,6
70909,6
70910,6
70911,6
70912,6
70913,6
70914,6
70915,6
70916,6
70917,6
70918,6
70920,6
70921,6
70922,6
70923,6
70924,6
70925,6
70926,6
70927,6
70928,6
70929,6
70930,6
70931,6
70932,6
70933,6
70934,6
70935,6
70936,6
70937,6
70938,6
70939,6
70940,6
70941,6
70942,6
70943,6
70944,6
70945,6
70946,6
70947,6
70948,6
70949,6
70950,6
70951,6
70952,6
70953,6
70954,6
70955,6
70956,6
70957,6
70958,6
70959,6
70960,6
70961,6
70962,6
70963,6
70964,6
70965,6
70966,6
70967,6
70968,6
70969,6
70970,6
70971,6
70972,6
70973,6
70974,6
70975,6
70976,6
70977,6
70978,6
70979,6
70980,6
70981,6
70982,6
70983,6
70984,6
70985,6
70986,6
70987,6
70988,6
70989,6
70990,6
70991,6
70992,6
70993,6
70994,6
70995,6
70996,6
70997,6
70998,6
70999,6
71000,6
71001,6
71002,6
71003,6
71004,6
71005,6
71006,6
71007,6
71008,6
71009,6
71010,6
71011,6
71012,6
71013,6
71014,6
71015,6
71016,6
71017,6
71018,6
71019,6
71020,6
71021,6
71022,6
71023,6
71024,6
71025,6
71026,6
71027,6
71028,6
71029,6
71030,6
71031,6
71032,6
71033,6
71034,6
71035,6
71036,6
71037,6
71038,6
71039,6
71040,6
71041,6
71042,6
71043,6
71044,6
71045,6
71046,6
71047,6
71048,6
71049,6
71050,6
71051,6
71052,6
71053,6
71054,6
71055,6
71056,6
71057,6
71058,6
71059,6
71060,6
71061,6
71062,6
71063,6
71064,6
71065,6
71066,6
71067,6
71068,6
71069,6
71070,6
71071,6
71072,6
71073,6
71074,6
71075,6
71076,6
71077,6
71078,6
71079,6
71080,6
71081,6
71082,6
71083,6
71084,6
71085,6
71086,6
71087,6
71088,6
71089,6
71090,6
71091,6
71092,6
71093,6
71094,6
71095,6
71096,6
71097,6
71098,6
71099,6
71100,6
71101,6
71102,6
71103,6
71104,6
71105,6
71106,6
71107,6
71108,6
71109,6
71110,6
71111,6
71112,6
71113,6
71114,6
71115,6
71116,6
71117,6
71118,6
71119,6
71120,6
71121,6
71122,6
71123,6
71124,6
71125,6
71126,6
71127,6
71128,6
71129,6
71130,6
71131,6
71132,6
71133,6
71134,6
71135,6
71136,6
71137,6
71138,6
71139,6
71140,6
71141,6
71142,6
71143,6
71144,6
71145,6
71146,6
71147,6
71148,6
71149,6
71150,6
71151,6
71152,6
71153,6
71154,6
71155,6
71156,6
71157,6
71158,6
71159,6
71160,6
71161,6
71162,6
71163,6
71164,6
71165,6
71166,6
71167,6
71168,6
71169,6
71170,6
71171,6
71172,6
71173,6
71174,6
71175,6
71176,6
71177,6
71178,6
71179,6
71180,6
71181,6
71182,6
71183,6
71184,6
71185,6
71186,6
71187,6
71188,6
71189,6
71190,6
71191,6
71192,6
71193,6
71194,6
71195,6
71196,6
71197,6
71198,6
71199,6
71200,6
71201,6
71202,6
71203,6
71204,6
71205,6
71206,6
72001,6
72002,6
72003,6
72004,6
72005,6
72006,6
72007,6
72008,6
72009,6
72010,6
72011,6
72012,6
72013,6
72014,6
72015,6
72016,6
72017,6
72018,6
72019,6
72020,6
72021,6
72022,6
72023,6
72024,6
72025,6
72026,6
72027,6
72028,6
72029,6
72030,6
72031,6
72032,6
72033,6
72034,6
72035,6
72036,6
72037,6
72038,6
72039,6
72040,6
72041,6
72042,6
72043,6
72044,6
72045,6
72046,6
72047,6
72048,6
72049,6
72050,6
72051,6
72052,6
72053,6
72054,6
72055,6
72056,6
72057,6
72058,6
72059,6
72060,6
72061,6
72062,6
72063,6
72065,6
72066,6
72067,6
72068,6
72069,6
72070,6
72071,6
72072,6
72073,6
72074,6
72075,6
72076,6
72077,6
72078,6
72079,6
72080,6
72081,6
72082,6
72083,6
72084,6
72085,6
72086,6
72087,6
72088,6
72089,6
72090,6
72091,6
72092,6
72093,6
72094,6
72095,6
72096,6
72097,6
72098,6
72099,6
72100,6
72101,6
72102,6
72103,6
72104,6
72105,6
72106,6
72107,6
72108,6
72109,6
72110,6
72111,6
72112,6
72113,6
72114,6
72115,6
72116,6
72117,6
72118,6
72119,6
72120,6
72121,6
72122,6
72123,6
72124,6
72125,6
72126,6
72127,6
72128,6
72129,6
72130,6
72131,6
72132,6
72133,6
72134,6
72135,6
72136,6
72137,6
72138,6
72139,6
72140,6
72141,6
72142,6
72143,6
72144,6
72145,6
72146,6
72147,6
72148,6
72149,6
72150,6
72151,6
72152,6
72153,6
72154,6
72155,6
72156,6
72157,6
72158,6
72159,6
72160,6
72161,6
72162,6
72163,6
72164,6
72165,6
72166,6
72167,6
72168,6
72169,6
72170,6
72171,6
72172,6
72173,6
72174,6
72175,6
72176,6
72177,6
72178,6
72179,6
72180,6
72181,6
72182,6
72183,6
72184,6
72185,6
72186,6
72187,6
72188,6
72189,6
72190,6
72191,6
72192,6
72193,6
72194,6
72195,6
72196,6
72197,6
72198,6
72199,6
72200,6
72201,6
72202,6
72203,6
72204,6
72205,6
72206,6
72207,6
72208,6
72209,6
72210,6
72211,6
72212,6
72213,6
72214,6
72215,6
72216,6
72217,6
72218,6
72219,6
72220,6
72221,6
72222,6
72223,6
72224,6
72225,6
72226,6
72227,6
72228,6
72229,6
72230,6
72231,6
72232,6
72233,6
72234,6
72235,6
72236,6
72237,6
72238,6
72239,6
72240,6
72241,6
72242,6
72243,6
72244,6
72245,6
72246,6
72247,6
72248,6
72249,6
72250,6
72251,6
72252,6
72253,6
72254,6
72255,6
72256,6
72257,6
72258,6
72259,6
72260,6
72261,6
72262,6
72263,6
72264,6
72265,6
72266,6
72267,6
72268,6
72269,6
72270,6
72271,6
72272,6
72273,6
72274,6
72275,6
72276,6
72277,6
72278,6
72279,6
72280,6
72281,6
72282,6
72283,6
72284,6
72285,6
72286,6
72287,6
72288,6
72289,6
72290,6
72291,6
72292,6
72293,6
72294,6
72295,6
72296,6
72297,6
72298,6
72299,6
72300,6
72301,6
72302,6
72303,6
72304,6
72305,6
72306,6
72307,6
72308,6
72309,6
72310,6
72311,6
72312,6
72313,6
72314,6
72315,6
72316,6
72317,6
72318,6
72319,6
72320,6
72321,6
72322,6
72323,6
72324,6
72325,6
72326,6
72327,6
72328,6
72329,6
72330,6
72331,6
72332,6
72333,6
72334,6
72335,6
72336,6
72337,6
72338,6
72339,6
72340,6
72341,6
72342,6
72343,6
72344,6
72345,6
72346,6
72347,6
72348,6
72349,6
72350,6
72351,6
72352,6
72353,6
72354,6
72355,6
72356,6
72357,6
72358,6
72359,6
72360,6
72361,6
72362,6
72363,6
72364,6
72365,6
72366,6
72367,6
72368,6
72369,6
72370,6
72371,6
72372,6
72373,6
72374,6
72375,6
72376,6
72377,6
72378,6
72379,6
72380,6
72381,6
72382,6
72383,6
72384,6
72385,6
72386,6
72387,6
72388,6
72389,6
72390,6
72391,6
72392,6
72393,6
72394,6
72395,6
72396,6
72397,6
72398,6
72399,6
72400,6
72401,6
72402,6
72403,6
72404,6
72405,6
72406,6
72407,6
72408,6
72409,6
72410,6
72411,6
72412,6
72413,6
72414,6
72415,6
72416,6
72417,6
72418,6
72419,6
72420,6
72421,6
72422,6
72423,6
72424,6
72425,6
72426,6
72427,6
72428,6
72429,6
72430,6
72431,6
72432,6
72433,6
72434,6
72435,6
72436,6
72437,6
72438,6
72439,6
72440,6
72441,6
72442,6
72443,6
72444,6
72445,6
72446,6
72447,6
72448,6
72449,6
72450,6
72451,6
72452,6
72453,6
72454,6
72455,6
72456,6
72457,6
72458,6
72459,6
72460,6
72461,6
72462,6
72463,6
72464,6
72465,6
72466,6
72467,6
72468,6
72469,6
72470,6
72471,6
72472,6
72473,6
72474,6
72475,6
72476,6
72477,6
72478,6
72479,6
72480,6
72481,6
72482,6
72483,6
72484,6
72485,6
72486,6
72487,6
72488,6
72489,6
72490,6
72491,6
72492,6
72493,6
72494,6
72495,6
72496,6
72497,6
72498,6
72499,6
72500,6
72501,6
72502,6
72503,6
72504,6
72505,6
72506,6
72507,6
72508,6
72509,6
72510,6
72511,6
72512,6
72513,6
72514,6
72515,6
72516,6
72517,6
72518,6
72519,6
72520,6
72521,6
72522,6
72523,6
72524,6
72525,6
72526,6
72527,6
72528,6
72529,6
72530,6
72531,6
72532,6
72533,6
72534,6
72535,6
72536,6
72537,6
72538,6
72539,6
72540,6
72541,6
72542,6
72543,6
72544,6
72545,6
72546,6
72547,6
72548,6
72549,6
72550,6
72551,6
72552,6
72553,6
72554,6
72555,6
72556,6
72557,6
72558,6
72559,6
72560,6
72561,6
72562,6
72563,6
72564,6
72565,6
72566,6
72567,6
72568,6
72569,6
72570,6
72571,6
72572,6
72573,6
72574,6
72575,6
72576,6
72577,6
72578,6
72579,6
72580,6
72581,6
72582,6
72583,6
72584,6
72585,6
72586,6
72587,6
72588,6
72589,6
72590,6
72591,6
72592,6
72593,6
72594,6
72595,6
72596,6
72597,6
72598,6
72599,6
72600,6
72601,6
72602,6
72603,6
72604,6
72605,6
72606,6
72607,6
72608,6
72609,6
72610,6
72611,6
72612,6
72613,6
72614,6
72615,6
72616,6
72617,6
72618,6
72619,6
72620,6
72621,6
72622,6
72623,6
72624,6
72625,6
72626,6
72627,6
72628,6
72629,6
72630,6
72631,6
72632,6
72633,6
72634,6
72635,6
72636,6
72637,6
72638,6
72639,6
72640,6
72641,6
72642,6
72643,6
72644,6
72645,6
72646,6
72647,6
72648,6
72649,6
72650,6
72651,6
72652,6
72653,6
72654,6
72655,6
72656,6
72657,6
72658,6
72659,6
72660,6
72661,6
72662,6
72663,6
72664,6
72665,6
72666,6
72667,6
72668,6
72669,6
72670,6
72671,6
72672,6
72673,6
72674,6
72675,6
72676,6
72677,6
72678,6
72679,6
72680,6
72681,6
72682,6
72683,6
72684,6
72685,6
72686,6
72687,6
72688,6
72689,6
72690,6
72691,6
72692,6
72693,6
72694,6
72695,6
72696,6
72697,6
72698,6
72699,6
72700,6
72701,6
72702,6
72703,6
72704,6
72705,6
72706,6
72707,6
72708,6
72709,6
72710,6
72711,6
72712,6
72713,6
72714,6
72715,6
72716,6
72717,6
72718,6
72719,6
72720,6
72721,6
72722,6
72723,6
72724,6
72725,6
72726,6
72727,6
72728,6
72729,6
72730,6
72731,6
72732,6
72733,6
72734,6
72735,6
72736,6
72737,6
72738,6
72739,6
72740,6
72741,6
72742,6
72743,6
72744,6
72745,6
72746,6
72747,6
72748,6
72749,6
72750,6
72751,6
72752,6
72753,6
72754,6
72755,6
72756,6
72757,6
72758,6
72759,6
72760,6
72761,6
72762,6
72763,6
72764,6
72765,6
72766,6
72767,6
72768,6
72769,6
72770,6
72771,6
72772,6
72773,6
72774,6
72775,6
72776,6
72777,6
72778,6
72779,6
72780,6
72781,6
72782,6
72783,6
72784,6
72785,6
72786,6
72787,6
72788,6
72789,6
72790,6
72791,6
72792,6
72793,6
72794,6
72795,6
72796,6
72797,6
72798,6
72799,6
72800,6
72801,6
72802,6
72803,6
72804,6
72805,6
72806,6
72807,6
72808,6
72809,6
72810,6
72811,6
72812,6
72813,6
72814,6
72815,6
72816,6
72817,6
72818,6
72819,6
72820,6
72821,6
72822,6
72823,6
72824,6
72825,6
72826,6
72827,6
72828,6
72829,6
72830,6
72831,6
72832,6
72833,6
72834,6
72835,6
72836,6
72837,6
72838,6
72839,6
72840,6
72841,6
72842,6
72843,6
72844,6
72845,6
72846,6
72847,6
72848,6
72849,6
72850,6
72851,6
72852,6
72853,6
72854,6
72855,6
72856,6
72857,6
72858,6
72859,6
72860,6
72861,6
72862,6
72863,6
72864,6
72865,6
72866,6
72867,6
72868,6
72869,6
72870,6
72871,6
72872,6
72873,6
72874,6
72875,6
72876,6
72877,6
72878,6
72879,6
72880,6
72881,6
72882,6
72883,6
72884,6
72885,6
72886,6
72887,6
72888,6
72889,6
72890,6
72891,6
72892,6
72893,6
72894,6
72895,6
72896,6
72897,6
72898,6
72899,6
72900,6
72901,6
72902,6
72903,6
72904,6
72905,6
72906,6
72907,6
72908,6
72909,6
72910,6
72911,6
72912,6
72913,6
72914,6
72915,6
72916,6
72917,6
72918,6
72919,6
72920,6
72921,6
72922,6
72923,6
72924,6
72925,6
72926,6
72927,6
72928,6
72929,6
72930,6
72931,6
72932,6
72933,6
72934,6
72935,6
72936,6
72937,6
72938,6
72939,6
72940,6
72941,6
72942,6
72943,6
72944,6
72945,6
72946,6
72947,6
72948,6
72949,6
72950,6
72951,6
72952,6
72953,6
72954,6
72955,6
72956,6
72957,6
72958,6
72959,6
72960,6
72961,6
72962,6
72963,6
72964,6
72965,6
72966,6
72967,6
72968,6
72969,6
72970,6
72971,6
72972,6
72973,6
72974,6
72975,6
72976,6
72977,6
72978,6
72979,6
72980,6
72981,6
72982,6
72983,6
72984,6
72985,6
72986,6
72987,6
72988,6
72989,6
72990,6
72991,6
72992,6
72993,6
72994,6
72995,6
72996,6
72997,6
72998,6
72999,6
73000,6
73001,6
73002,6
73003,6
73004,6
73005,6
73006,6
73007,6
73008,6
73009,6
73010,6
73011,6
73012,6
73013,6
73014,6
73015,6
73016,6
73017,6
73018,6
73019,6
73020,6
73021,6
73022,6
73023,6
73024,6
73025,6
73026,6
73027,6
73028,6
73029,6
73030,6
73031,6
73032,6
73033,6
73034,6
73035,6
73036,6
73037,6
73038,6
73039,6
73040,6
73041,6
73042,6
73043,6
73044,6
73045,6
73046,6
73047,6
73048,6
73049,6
73050,6
73051,6
73052,6
73053,6
73054,6
73055,6
73056,6
73057,6
73058,6
73059,6
73060,6
73061,6
73062,6
73063,6
73064,6
73065,6
73066,6
73067,6
73068,6
73069,6
73070,6
73071,6
73072,6
73073,6
73074,6
73075,6
73076,6
73077,6
73078,6
73079,6
73080,6
73081,6
73082,6
73083,6
73084,6
73085,6
73086,6
73087,6
73088,6
73089,6
73090,6
73091,6
73092,6
73093,6
73094,6
73095,6
73096,6
73097,6
73098,6
73099,6
73100,6
73101,6
73102,6
73103,6
73104,6
73105,6
73106,6
73107,6
73108,6
73109,6
73110,6
73111,6
73112,6
73113,6
73114,6
73115,6
73116,6
73117,6
73118,6
73119,6
73120,6
73121,6
73122,6
73123,6
73124,6
73125,6
73126,6
73127,6
73128,6
73129,6
73130,6
73131,6
73132,6
73133,6
73134,6
73135,6
73136,6
73137,6
73138,6
73139,6
73140,6
73141,6
73142,6
73143,6
73144,6
73145,6
73146,6
73147,6
73148,6
73149,6
73150,6
73151,6
73152,6
73153,6
73154,6
73155,6
73156,6
73157,6
73158,6
73159,6
73160,6
73161,6
73162,6
73163,6
73164,6
73165,6
73166,6
73167,6
73168,6
73169,6
73170,6
73171,6
73172,6
73173,6
73174,6
73175,6
73176,6
73177,6
73178,6
73179,6
73180,6
73181,6
73182,6
73183,6
73184,6
73185,6
73186,6
73187,6
73188,6
73189,6
73190,6
73191,6
73192,6
73193,6
73194,6
73195,6
73196,6
73197,6
73198,6
73199,6
73200,6
73201,6
73202,6
73203,6
73204,6
73205,6
73206,6
73207,6
73208,6
73209,6
73210,6
73211,6
73212,6
73213,6
73214,6
73215,6
73216,6
73217,6
73218,6
73219,6
73220,6
73221,6
73222,6
73223,6
73224,6
73225,6
73226,6
73227,6
73228,6
73229,6
73230,6
73231,6
73232,6
73233,6
73234,6
73235,6
73236,6
73237,6
73238,6
73239,6
73240,6
73241,6
73242,6
73243,6
73244,6
73245,6
73246,6
73247,6
73248,6
73249,6
73250,6
73251,6
73252,6
73253,6
73254,6
73255,6
73256,6
73257,6
73258,6
73259,6
73260,6
73261,6
73262,6
73263,6
73264,6
73265,6
73266,6
73267,6
73268,6
73269,6
73270,6
73271,6
73272,6
73273,6
73274,6
73275,6
73276,6
73277,6
73278,6
73279,6
73280,6
73281,6
73282,6
73283,6
73284,6
73285,6
73286,6
73287,6
73288,6
73289,6
73290,6
73291,6
73292,6
73293,6
73294,6
73295,6
73296,6
73297,6
73298,6
73299,6
73300,6
73301,6
73302,6
73303,6
73304,6
73305,6
73306,6
73307,6
73308,6
73309,6
73310,6
73311,6
73312,6
73313,6
73314,6
73315,6
73316,6
73317,6
73318,6
73319,6
73320,6
73321,6
73322,6
73323,6
73324,6
73325,6
73326,6
73327,6
73328,6
73329,6
73330,6
73331,6
73332,6
73333,6
73334,6
73335,6
73336,6
73337,6
73338,6
73339,6
73340,6
73341,6
73342,6
73343,6
73344,6
73345,6
73346,6
73347,6
73348,6
73349,6
73350,6
73351,6
73352,6
73353,6
73354,6
73355,6
73356,6
73357,6
73358,6
73359,6
73360,6
73361,6
73362,6
73363,6
73364,6
73365,6
73366,6
73367,6
73368,6
73369,6
73370,6
73371,6
73372,6
73373,6
73374,6
73375,6
73376,6
73377,6
73378,6
73379,6
73380,6
73381,6
73382,6
73383,6
73384,6
73385,6
73386,6
73387,6
73388,6
73389,6
73390,6
73391,6
73392,6
73393,6
73394,6
73395,6
73396,6
73397,6
73398,6
73399,6
73400,6
73401,6
73402,6
73403,6
73404,6
73405,6
73406,6
73407,6
73408,6
73409,6
73410,6
73411,6
73412,6
73413,6
73414,6
73415,6
73416,6
73417,6
73418,6
73419,6
73420,6
73421,6
73422,6
73423,6
73424,6
73425,6
73426,6
73427,6
73428,6
73429,6
73430,6
73431,6
73432,6
73433,6
73434,6
73435,6
73436,6
73437,6
73438,6
73439,6
73440,6
73441,6
73442,6
73443,6
73444,6
73445,6
73446,6
73447,6
73448,6
73449,6
73450,6
73451,6
73452,6
73453,6
73454,6
73455,6
73456,6
73457,6
73458,6
73459,6
73460,6
73461,6
73462,6
73463,6
73464,6
73465,6
73466,6
73467,6
73468,6
73469,6
73470,6
73471,6
73472,6
73473,6
73474,6
73475,6
73476,6
73477,6
73478,6
73479,6
73480,6
73481,6
73482,6
73483,6
73484,6
73485,6
73486,6
73487,6
73488,6
73489,6
73490,6
73491,6
73492,6
73493,6
73494,6
73495,6
73496,6
73497,6
73498,6
73499,6
73500,6
73501,6
73502,6
73503,6
73504,6
73505,6
73506,6
73507,6
73508,6
73509,6
73510,6
73511,6
73512,6
73513,6
73514,6
73515,6
73516,6
73517,6
73518,6
73519,6
73520,6
73521,6
73522,6
73523,6
73524,6
73525,6
73526,6
73527,6
73528,6
73529,6
73530,6
73531,6
73532,6
73533,6
73534,6
73535,6
73536,6
73537,6
73538,6
73539,6
73540,6
73541,6
73542,6
73543,6
73544,6
73545,6
73546,6
73547,6
73548,6
73549,6
73550,6
73551,6
73552,6
73553,6
73554,6
73555,6
73556,6
73557,6
73558,6
73559,6
73560,6
73561,6
73562,6
73563,6
73564,6
73565,6
73566,6
73567,6
73568,6
73569,6
73570,6
73571,6
73572,6
73573,6
73574,6
73575,6
73576,6
73577,6
73578,6
73579,6
73580,6
73581,6
73582,6
73583,6
73584,6
73585,6
73586,6
73587,6
73588,6
73589,6
73590,6
73591,6
73592,6
73593,6
73594,6
73595,6
73596,6
73597,6
73598,6
73599,6
73600,6
73601,6
73602,6
73603,6
73604,6
73605,6
73606,6
73607,6
73608,6
73609,6
73610,6
73611,6
73612,6
73613,6
73614,6
73615,6
73616,6
73617,6
73618,6
73619,6
73620,6
73621,6
73622,6
73623,6
73624,6
73625,6
73626,6
73627,6
73628,6
73629,6
73630,6
73631,6
73632,6
73633,6
73634,6
73635,6
73636,6
73637,6
73638,6
73639,6
73640,6
73641,6
73642,6
73643,6
73644,6
73645,6
73646,6
73647,6
73648,6
73649,6
73650,6
73651,6
73652,6
73653,6
73654,6
73655,6
73656,6
73657,6
73658,6
73659,6
73660,6
73661,6
73662,6
73663,6
73664,6
73665,6
73666,6
73667,6
73668,6
73669,6
73670,6
73671,6
73672,6
73673,6
73674,6
73675,6
73676,6
73677,6
73678,6
73679,6
73680,6
73681,6
73682,6
73683,6
73684,6
73685,6
73686,6
73687,6
73688,6
73689,6
73690,6
73691,6
73692,6
73693,6
73694,6
73695,6
73696,6
73697,6
73698,6
73699,6
73700,6
73701,6
73702,6
73703,6
73704,6
73705,6
73706,6
73707,6
73708,6
73709,6
73710,6
73711,6
73712,6
73713,6
73714,6
73715,6
73716,6
73717,6
73718,6
73719,6
73720,6
73721,6
73722,6
73723,6
73724,6
73725,6
73726,6
73727,6
73728,6
73729,6
73730,6
73731,6
73732,6
73733,6
73734,6
73735,6
73736,6
73737,6
73738,6
73739,6
73740,6
73741,6
73742,6
73743,6
73744,6
73745,6
73746,6
73747,6
73748,6
73749,6
73750,6
73751,6
73752,6
73753,6
73754,6
73755,6
73756,6
73757,6
73758,6
73759,6
73760,6
73761,6
73762,6
73763,6
73764,6
73765,6
73766,6
73767,6
73768,6
73769,6
73770,6
73771,6
73772,6
73773,6
73774,6
73775,6
73776,6
73777,6
73778,6
73779,6
73780,6
73781,6
73782,6
73783,6
73784,6
73785,6
73786,6
73787,6
73788,6
73789,6
73790,6
73791,6
73792,6
73793,6
73794,6
73795,6
73796,6
73797,6
73798,6
73799,6
73800,6
73801,6
73802,6
73803,6
73804,6
73805,6
73806,6
73807,6
73808,6
73809,6
73810,6
73811,6
73812,6
73813,6
73814,6
73815,6
73816,6
73817,6
73818,6
73819,6
73820,6
73821,6
73822,6
73823,6
73824,6
73825,6
73826,6
73827,6
73828,6
73829,6
73830,6
73831,6
73832,6
73833,6
73834,6
73835,6
73836,6
73837,6
73838,6
73839,6
73840,6
73841,6
73842,6
73843,6
73844,6
73845,6
73846,6
73847,6
73848,6
73849,6
73850,6
73851,6
73852,6
73853,6
73854,6
73855,6
73856,6
73857,6
73858,6
73859,6
73860,6
73861,6
73862,6
73863,6
73864,6
73865,6
73866,6
73867,6
73868,6
73869,6
73870,6
73871,6
73872,6
73873,6
73874,6
73875,6
73876,6
73877,6
73878,6
73879,6
73880,6
73881,6
73882,6
73883,6
73884,6
73885,6
73886,6
73887,6
73888,6
73889,6
73890,6
73891,6
73892,6
73893,6
73894,6
73895,6
73896,6
73897,6
73898,6
73899,6
73900,6
73901,6
73902,6
73903,6
73904,6
73905,6
73906,6
73907,6
73908,6
73909,6
73910,6
73911,6
73912,6
73913,6
73914,6
73915,6
73917,6
73918,6
73919,6
73920,6
73921,6
73922,6
73923,6
73924,6
73925,6
73926,6
73927,6
73928,6
73929,6
73930,6
73931,6
73932,6
73933,6
73934,6
73935,6
73936,6
73937,6
73938,6
73939,6
73940,6
73941,6
73942,6
73943,6
73944,6
73945,6
73946,6
73947,6
73948,6
73949,6
73950,6
73951,6
73952,6
73953,6
73954,6
73955,6
73956,6
73957,6
73958,6
73959,6
73960,6
73961,6
73962,6
73963,6
73964,6
73965,6
73966,6
73967,6
73968,6
73969,6
73970,6
73971,6
73972,6
73973,6
73974,6
73975,6
73976,6
73977,6
73978,6
73979,6
73980,6
73981,6
73982,6
73983,6
73984,6
73985,6
73986,6
73987,6
73988,6
73989,6
73990,6
73991,6
73992,6
73993,6
73994,6
73995,6
73996,6
73997,6
73998,6
73999,6
74000,6
74001,6
74002,6
74003,6
74004,6
74005,6
74006,6
74007,6
74008,6
74009,6
74010,6
74011,6
74012,6
74013,6
74014,6
74015,6
74016,6
74017,6
74018,6
74019,6
74020,6
74021,6
74022,6
74023,6
74024,6
74025,6
74026,6
74027,6
74028,6
74029,6
74030,6
74031,6
74032,6
74033,6
74034,6
74035,6
74036,6
74037,6
74038,6
74039,6
74040,6
74041,6
74042,6
74043,6
74044,6
74045,6
74046,6
74047,6
74048,6
74049,6
74050,6
74051,6
74052,6
74053,6
74054,6
74055,6
74056,6
74057,6
74058,6
74059,6
74060,6
74061,6
74062,6
74063,6
74064,6
74065,6
74066,6
74067,6
74068,6
74069,6
74070,6
74071,6
74073,6
74074,6
74075,6
74076,6
74077,6
74078,6
74079,6
74080,6
74081,6
74082,6
74083,6
74084,6
74085,6
74086,6
74087,6
74088,6
74089,6
74090,6
74091,6
74092,6
74093,6
74094,6
74095,6
74096,6
74097,6
74098,6
74099,6
74100,6
74101,6
74102,6
74103,6
74104,6
74105,6
74106,6
74107,6
74108,6
74109,6
74110,6
74111,6
74112,6
74113,6
74114,6
74115,6
74116,6
74117,6
74118,6
74119,6
74120,6
74121,6
74123,6
74124,6
74125,6
74126,6
74127,6
74128,6
74129,6
74130,6
74131,6
74132,6
74133,6
74134,6
74135,6
74136,6
74137,6
74138,6
74139,6
74140,6
74141,6
74142,6
74143,6
74144,6
74145,6
74146,6
74147,6
74148,6
74149,6
74150,6
74151,6
74152,6
74153,6
74154,6
74155,6
74156,6
74157,6
74158,6
74159,6
74160,6
74161,6
74162,6
74163,6
74164,6
74165,6
74166,6
74167,6
74168,6
74169,6
74170,6
74171,6
74172,6
74173,6
74174,6
74175,6
74176,6
74177,6
74178,6
74179,6
74180,6
74181,6
74182,6
74183,6
74184,6
74185,6
74186,6
74187,6
74188,6
74189,6
74190,6
74191,6
74192,6
74193,6
74194,6
74195,6
74196,6
74197,6
74198,6
74199,6
74200,6
74201,6
74202,6
74203,6
74204,6
74205,6
74206,6
74207,6
74208,6
74209,6
74210,6
74211,6
74212,6
74213,6
74214,6
74215,6
74216,6
74217,6
74218,6
74219,6
74220,6
74221,6
74222,6
74223,6
74224,6
74226,6
74227,6
74228,6
74229,6
74230,6
74231,6
74232,6
74233,6
74234,6
74235,6
74236,6
74237,6
74238,6
74239,6
74240,6
74241,6
74242,6
74243,6
74244,6
74245,6
74246,6
74247,6
74248,6
74249,6
74250,6
74251,6
74252,6
74253,6
74254,6
74255,6
74256,6
74257,6
74258,6
74259,6
74260,6
74261,6
74262,6
74263,6
74264,6
74265,6
74266,6
74267,6
74268,6
74269,6
74270,6
74271,6
74272,6
74273,6
74274,6
74275,6
74276,6
74277,6
74278,6
74279,6
74280,6
74281,6
74282,6
74283,6
74284,6
74285,6
74286,6
74287,6
74288,6
74289,6
74290,6
74291,6
74292,6
74293,6
74294,6
74295,6
74296,6
74297,6
74298,6
74299,6
74300,6
74301,6
74302,6
74303,6
74304,6
74305,6
74306,6
74307,6
74308,6
74309,6
74310,6
74311,6
74312,6
74313,6
74314,6
74315,6
74316,6
74317,6
74318,6
74319,6
74320,6
74321,6
74322,6
74323,6
74324,6
74325,6
74326,6
74327,6
74328,6
74329,6
74330,6
74331,6
74332,6
74333,6
74334,6
74335,6
74336,6
74337,6
74338,6
74339,6
74340,6
74341,6
74342,6
74343,6
74344,6
74345,6
74346,6
74347,6
74348,6
74349,6
74350,6
74351,6
74352,6
74353,6
74354,6
74355,6
74356,6
74357,6
74358,6
74359,6
74360,6
74361,6
74362,6
74363,6
74364,6
74365,6
74366,6
74367,6
74368,6
74369,6
74370,6
74371,6
74372,6
74373,6
74374,6
74375,6
74376,6
74377,6
74378,6
74379,6
74380,6
74381,6
74382,6
74383,6
74389,6
74390,6
74391,6
74392,6
74393,6
74394,6
74395,6
74396,6
74397,6
74398,6
74399,6
74400,6
74401,6
74402,6
74403,6
74404,6
74405,6
74406,6
74407,6
74408,6
74409,6
74410,6
74411,6
74412,6
74413,6
74414,6
74415,6
74416,6
74417,6
74418,6
74419,6
74420,6
74421,6
74422,6
74423,6
74424,6
74425,6
74426,6
74427,6
74428,6
74429,6
74430,6
74431,6
74432,6
74433,6
74434,6
74435,6
74436,6
74437,6
74438,6
74439,6
74440,6
74442,6
74443,6
74444,6
74445,6
74446,6
74447,6
74448,6
74449,6
74450,6
74451,6
74452,6
74453,6
74454,6
74455,6
74456,6
74457,6
74458,6
74459,6
74460,6
74461,6
74462,6
74463,6
74464,6
74465,6
74466,6
74467,6
74468,6
74469,6
74470,6
74471,6
74472,6
74473,6
74474,6
74475,6
74476,6
74477,6
74478,6
74479,6
74480,6
74481,6
74482,6
74483,6
74484,6
74485,6
74486,6
74487,6
74488,6
74489,6
74490,6
74491,6
74492,6
74493,6
74494,6
74495,6
74496,6
74497,6
74498,6
74499,6
74500,6
74501,6
74502,6
74503,6
74504,6
74505,6
74506,6
74507,6
74508,6
74509,6
74510,6
74511,6
74512,6
74513,6
74514,6
74515,6
74516,6
74517,6
74518,6
74519,6
74520,6
74521,6
74522,6
74523,6
74524,6
74525,6
74526,6
74527,6
74528,6
74529,6
74530,6
74531,6
74532,6
74533,6
74534,6
74535,6
74536,6
74537,6
74538,6
74539,6
74540,6
74541,6
74542,6
74543,6
74544,6
74545,6
74546,6
74547,6
74548,6
74549,6
74550,6
74551,6
74552,6
74553,6
74554,6
74555,6
74556,6
74557,6
74558,6
74559,6
74560,6
74561,6
74562,6
74563,6
74564,6
74565,6
74566,6
74567,6
74568,6
74569,6
74570,6
74571,6
74572,6
74573,6
74574,6
74575,6
74576,6
74577,6
74578,6
74579,6
74580,6
74581,6
74582,6
74583,6
74584,6
74585,6
74586,6
74587,6
74588,6
74589,6
74590,6
74591,6
74592,6
74593,6
74594,6
74595,6
74596,6
74597,6
74598,6
74599,6
74600,6
74601,6
74602,6
74603,6
74604,6
74605,6
74606,6
74607,6
74608,6
74609,6
74610,6
74611,6
74612,6
74613,6
74614,6
74615,6
74616,6
74617,6
74618,6
74619,6
74620,6
74621,6
74622,6
74623,6
74624,6
74625,6
74626,6
74627,6
74628,6
74629,6
74630,6
74631,6
74632,6
74633,6
74634,6
74635,6
74636,6
74637,6
74638,6
74639,6
74640,6
74641,6
74642,6
74643,6
74644,6
74645,6
74646,6
74647,6
74648,6
74649,6
74650,6
74651,6
74652,6
74653,6
74654,6
74655,6
74656,6
74657,6
74658,6
74659,6
74660,6
74661,6
74662,6
74663,6
74664,6
74665,6
74666,6
74667,6
74668,6
74669,6
74670,6
74671,6
74672,6
74673,6
74674,6
74675,6
74676,6
74677,6
74678,6
74679,6
74680,6
74681,6
74682,6
74683,6
74684,6
74685,6
74686,6
74687,6
74688,6
74689,6
74690,6
74691,6
74692,6
74693,6
74694,6
74695,6
74696,6
74697,6
74698,6
74699,6
74700,6
74701,6
74702,6
74703,6
74704,6
74705,6
74706,6
74707,6
74708,6
74709,6
74710,6
74711,6
74712,6
74713,6
74714,6
74715,6
74716,6
74717,6
74718,6
74719,6
74720,6
74721,6
74722,6
74723,6
74724,6
74725,6
74726,6
74727,6
74728,6
74729,6
74730,6
74731,6
74732,6
74733,6
74734,6
74735,6
74736,6
74737,6
74738,6
74739,6
74740,6
74741,6
74742,6
74743,6
74744,6
74745,6
74746,6
74747,6
74748,6
74749,6
74750,6
74751,6
74752,6
74753,6
74754,6
74755,6
74756,6
74757,6
74758,6
74759,6
74760,6
74761,6
74762,6
74763,6
74764,6
74765,6
74766,6
74767,6
74768,6
74769,6
74770,6
74771,6
74772,6
74773,6
74774,6
74775,6
74776,6
74777,6
74778,6
74779,6
74780,6
74781,6
74782,6
74783,6
74784,6
74785,6
74786,6
74787,6
74788,6
74789,6
74790,6
74791,6
74792,6
74793,6
74794,6
74795,6
74796,6
74797,6
74798,6
74799,6
74800,6
74801,6
74802,6
74803,6
74804,6
74805,6
74806,6
74807,6
74808,6
74809,6
74810,6
74811,6
74813,6
74814,6
74815,6
74816,6
74817,6
74818,6
74819,6
74820,6
74821,6
74822,6
74823,6
74824,6
74825,6
74826,6
74827,6
74829,6
74830,6
74831,6
74832,6
74833,6
74834,6
74835,6
74836,6
74837,6
74838,6
74839,6
74840,6
74841,6
74842,6
74843,6
74844,6
74846,6
74847,6
74848,6
74849,6
74852,6
74853,6
74854,6
74855,6
74856,6
74857,6
74858,6
74859,6
74860,6
74861,6
74862,6
74863,6
74864,6
74865,6
74866,6
74867,6
74868,6
74869,6
74870,6
74871,6
74872,6
74873,6
74874,6
74875,6
74876,6
74877,6
74878,6
74879,6
74880,6
74881,6
74882,6
74883,6
74884,6
74885,6
74886,6
74887,6
74888,6
74889,6
74890,6
74891,6
74892,6
74893,6
74894,6
74895,6
74896,6
74897,6
74898,6
74899,6
74900,6
74901,6
74902,6
74903,6
74904,6
74905,6
74906,6
74907,6
74908,6
74909,6
74910,6
74911,6
74912,6
74913,6
74914,6
74915,6
74916,6
74917,6
74918,6
74919,6
74920,6
74921,6
74922,6
74923,6
74924,6
74925,6
74926,6
74927,6
74928,6
74929,6
74930,6
74931,6
74932,6
74933,6
74934,6
74935,6
74936,6
74937,6
74938,6
74939,6
74940,6
74941,6
74942,6
74943,6
74944,6
74945,6
74946,6
74947,6
74948,6
74949,6
74950,6
74951,6
74952,6
74953,6
74954,6
74955,6
74956,6
74957,6
74958,6
74959,6
74960,6
74961,6
74962,6
74963,6
74964,6
74965,6
74966,6
74967,6
74968,6
74969,6
74970,6
74971,6
74972,6
74973,6
74974,6
74975,6
74976,6
74977,6
74978,6
74979,6
74980,6
74981,6
74982,6
74983,6
74984,6
74985,6
74986,6
74987,6
74988,6
74989,6
74990,6
74991,6
74992,6
74993,6
74994,6
74995,6
74996,6
74997,6
74998,6
74999,6
75000,6
75001,6
75002,6
75003,6
75004,6
75005,6
75006,6
75007,6
75008,6
75009,6
75010,6
75011,6
75012,6
75013,6
75014,6
75015,6
75016,6
75017,6
75018,6
75019,6
75020,6
75021,6
75022,6
75023,6
75024,6
75025,6
75026,6
75027,6
75028,6
75029,6
75030,6
75031,6
75032,6
75033,6
75034,6
75035,6
75036,6
75037,6
75038,6
75039,6
75040,6
75041,6
75042,6
75043,6
75044,6
75045,6
75046,6
75047,6
75048,6
75049,6
75050,6
75051,6
75052,6
75053,6
75054,6
75055,6
75056,6
75057,6
75058,6
75059,6
75060,6
75061,6
75062,6
75063,6
75064,6
75065,6
75066,6
75067,6
75068,6
75069,6
75070,6
75071,6
75072,6
75073,6
75074,6
75075,6
75076,6
75077,6
75078,6
75079,6
75080,6
75081,6
75082,6
75083,6
75084,6
75085,6
75086,6
75087,6
75088,6
75089,6
75090,6
75091,6
75092,6
75095,6
75096,6
75097,6
75098,6
75099,6
75100,6
75101,6
75102,6
75103,6
75104,6
75105,6
75106,6
75107,6
75108,6
75109,6
75110,6
75111,6
75112,6
75113,6
75114,6
75115,6
75116,6
75117,6
75118,6
75119,6
75120,6
75121,6
75122,6
75123,6
75124,6
75125,6
75126,6
75127,6
75128,6
75129,6
75130,6
75131,6
75132,6
75133,6
75134,6
75135,6
75136,6
75137,6
75138,6
75139,6
75140,6
75141,6
75142,6
75143,6
75144,6
75145,6
75146,6
75147,6
75148,6
75149,6
75150,6
75151,6
75152,6
75153,6
75154,6
75155,6
75156,6
75157,6
75158,6
75159,6
75160,6
75161,6
75162,6
75163,6
75164,6
75165,6
75166,6
75167,6
75168,6
75169,6
75170,6
75171,6
75172,6
75173,6
75174,6
75175,6
75176,6
75177,6
75178,6
75179,6
75180,6
75181,6
75182,6
75183,6
75184,6
75185,6
75186,6
75187,6
75188,6
75189,6
75190,6
75191,6
75192,6
75193,6
75194,6
75195,6
75196,6
75197,6
75198,6
75199,6
75200,6
75201,6
75202,6
75203,6
75204,6
75206,6
75207,6
75208,6
75209,6
75210,6
75211,6
75212,6
75213,6
75214,6
75215,6
75216,6
75217,6
75218,6
75219,6
75220,6
75221,6
75222,6
75223,6
75224,6
75225,6
75226,6
75227,6
75228,6
75229,6
75230,6
75231,6
75232,6
75233,6
75234,6
75235,6
75236,6
75237,6
75238,6
75239,6
75240,6
75241,6
75242,6
75243,6
75244,6
75245,6
75246,6
75247,6
75248,6
75249,6
75250,6
75251,6
75252,6
75253,6
75254,6
75255,6
75256,6
75257,6
75258,6
75259,6
75260,6
75261,6
75262,6
75263,6
75264,6
75265,6
75266,6
75267,6
75268,6
75269,6
75270,6
75271,6
75272,6
75273,6
75274,6
75275,6
75276,6
75277,6
75278,6
75279,6
75280,6
75281,6
75282,6
75283,6
75284,6
75285,6
75286,6
75287,6
75288,6
75289,6
75290,6
75291,6
75292,6
75293,6
75294,6
75295,6
75296,6
75297,6
75298,6
75299,6
75300,6
75301,6
75302,6
75303,6
75304,6
75305,6
75306,6
75307,6
75308,6
75309,6
75310,6
75311,6
75312,6
75313,6
75314,6
75315,6
75316,6
75317,6
75318,6
75319,6
75320,6
75321,6
75322,6
75323,6
75324,6
75325,6
75326,6
75327,6
75328,6
75329,6
75330,6
75331,6
75332,6
75333,6
75334,6
75335,6
75336,6
75337,6
75338,6
75339,6
75340,6
75341,6
75342,6
75343,6
75344,6
75345,6
75346,6
75347,6
75348,6
75349,6
75350,6
75351,6
75352,6
75353,6
75354,6
75355,6
75356,6
75357,6
75358,6
75359,6
75360,6
75361,6
75362,6
75363,6
75364,6
75365,6
75366,6
75367,6
75368,6
75369,6
75370,6
75371,6
75372,6
75373,6
75374,6
75375,6
75376,6
75377,6
75378,6
75379,6
75380,6
75381,6
75382,6
75383,6
75384,6
75385,6
75386,6
75387,6
75388,6
75389,6
75390,6
75391,6
75392,6
75393,6
75394,6
75395,6
75396,6
75397,6
75398,6
75399,6
75400,6
75401,6
75402,6
75403,6
75404,6
75405,6
75406,6
75407,6
75408,6
75409,6
75410,6
75411,6
75412,6
75413,6
75414,6
75415,6
75416,6
75417,6
75418,6
75419,6
75420,6
75421,6
75422,6
75423,6
75424,6
75425,6
75426,6
75427,6
75428,6
75429,6
75430,6
75431,6
75432,6
75433,6
75434,6
75435,6
75436,6
75437,6
75438,6
75439,6
75440,6
75441,6
75443,6
75444,6
75446,6
75447,6
75448,6
75449,6
75450,6
75451,6
75452,6
75453,6
75454,6
75455,6
75456,6
75457,6
75458,6
75459,6
75460,6
75461,6
75462,6
75463,6
75464,6
75465,6
75466,6
75467,6
75468,6
75469,6
75470,6
75471,6
75472,6
75473,6
75474,6
75475,6
75476,6
75477,6
75478,6
75479,6
75480,6
75481,6
75482,6
75483,6
75484,6
75485,6
75486,6
75487,6
75488,6
75489,6
75490,6
75491,6
75492,6
75493,6
75494,6
75495,6
75496,6
75497,6
75498,6
75499,6
75500,6
75501,6
75502,6
75503,6
75504,6
75505,6
75506,6
75507,6
75508,6
75509,6
75510,6
75511,6
75512,6
75513,6
75514,6
75515,6
75516,6
75517,6
75518,6
75519,6
75520,6
75521,6
75522,6
75523,6
75524,6
75525,6
75526,6
75527,6
75528,6
75529,6
75530,6
75531,6
75532,6
75533,6
75534,6
75535,6
75536,6
75537,6
75538,6
75539,6
75540,6
75541,6
75542,6
75543,6
75544,6
75545,6
75546,6
75547,6
75548,6
75549,6
75550,6
75551,6
75552,6
75553,6
75554,6
75555,6
75556,6
75557,6
75558,6
75559,6
75560,6
75561,6
75562,6
75563,6
75564,6
75565,6
75566,6
75567,6
75568,6
75569,6
75570,6
75571,6
75572,6
75573,6
75574,6
75575,6
75576,6
75577,6
75578,6
75579,6
75580,6
75581,6
75582,6
75583,6
75584,6
75585,6
75586,6
75587,6
75588,6
75589,6
75590,6
75591,6
75592,6
75593,6
75594,6
75595,6
75596,6
75597,6
75598,6
75599,6
75600,6
75601,6
75602,6
75603,6
75604,6
75605,6
75606,6
75607,6
75608,6
75609,6
75610,6
75611,6
75612,6
75613,6
75614,6
75615,6
75616,6
75617,6
75618,6
75619,6
75620,6
75621,6
75622,6
75623,6
75624,6
75625,6
75626,6
75627,6
75628,6
75629,6
75630,6
75631,6
75632,6
75633,6
75634,6
75635,6
75636,6
75637,6
75638,6
75639,6
75640,6
75641,6
75642,6
75643,6
75644,6
75645,6
75646,6
75647,6
75648,6
75649,6
75650,6
75651,6
75652,6
75653,6
75654,6
75655,6
75656,6
75657,6
75658,6
75659,6
75660,6
75661,6
75662,6
75663,6
75664,6
75665,6
75666,6
75667,6
75668,6
75669,6
75670,6
75671,6
75672,6
75673,6
75674,6
75675,6
75676,6
75677,6
75678,6
75679,6
75680,6
75681,6
75682,6
75683,6
75684,6
75685,6
75686,6
75687,6
75688,6
75689,6
75690,6
75691,6
75692,6
75693,6
75694,6
75695,6
75696,6
75697,6
75698,6
75699,6
75700,6
75701,6
75702,6
75703,6
75704,6
75705,6
75706,6
75707,6
75708,6
75709,6
75710,6
75711,6
75712,6
75713,6
75714,6
75715,6
75716,6
75717,6
75718,6
75719,6
75720,6
75721,6
75722,6
75723,6
75724,6
75725,6
75726,6
75727,6
75728,6
75729,6
75730,6
75731,6
75732,6
75733,6
75734,6
75735,6
75736,6
75737,6
75738,6
75739,6
75740,6
75741,6
75742,6
75743,6
75744,6
75745,6
75746,6
75747,6
75748,6
75749,6
75750,6
75751,6
75752,6
75753,6
75754,6
75755,6
75756,6
75757,6
75758,6
75759,6
75760,6
75761,6
75762,6
75763,6
75764,6
75765,6
75766,6
75767,6
75768,6
75769,6
75770,6
75771,6
75772,6
75773,6
75774,6
75775,6
75776,6
75777,6
75778,6
75779,6
75780,6
75781,6
75782,6
75783,6
75784,6
75785,6
75786,6
75787,6
75788,6
75789,6
75790,6
75791,6
75792,6
75793,6
75794,6
75795,6
75796,6
75797,6
75798,6
75799,6
75800,6
75801,6
75802,6
75803,6
75804,6
75805,6
75806,6
75807,6
75808,6
75809,6
75810,6
75811,6
75812,6
75813,6
75814,6
75815,6
75816,6
75817,6
75818,6
75819,6
75820,6
75821,6
75822,6
75823,6
75824,6
75825,6
75826,6
75827,6
75828,6
75829,6
75830,6
75831,6
75832,6
75833,6
75834,6
75835,6
75836,6
75837,6
75838,6
75839,6
75840,6
75841,6
75842,6
75843,6
75844,6
75845,6
75846,6
75847,6
75848,6
75849,6
75850,6
75851,6
75852,6
75853,6
75854,6
75855,6
75856,6
75857,6
75858,6
75859,6
75860,6
75861,6
75862,6
75863,6
75864,6
75865,6
75866,6
75867,6
75868,6
75869,6
75870,6
75871,6
75872,6
75873,6
75874,6
75875,6
75876,6
75877,6
75878,6
75879,6
75880,6
75881,6
75882,6
75883,6
75884,6
75885,6
75886,6
75887,6
75888,6
75889,6
75890,6
75891,6
75892,6
75893,6
75894,6
75895,6
75896,6
75898,6
75899,6
75900,6
75901,6
75902,6
75903,6
75904,6
75905,6
75906,6
75907,6
75908,6
75909,6
75910,6
75911,6
75912,6
75913,6
75914,6
75915,6
75916,6
75917,6
75918,6
75919,6
75920,6
75921,6
75922,6
75923,6
75924,6
75925,6
75926,6
75927,6
75928,6
75929,6
75930,6
75931,6
75932,6
75933,6
75934,6
75935,6
75936,6
75937,6
75938,6
75939,6
75940,6
75941,6
75943,6
75944,6
75945,6
75946,6
75947,6
75948,6
75949,6
75950,6
75951,6
75952,6
75953,6
75954,6
75955,6
75956,6
75957,6
75958,6
75959,6
75960,6
75961,6
75962,6
75963,6
75964,6
75965,6
75966,6
75967,6
75968,6
75969,6
75970,6
75971,6
75972,6
75973,6
75974,6
75975,6
75976,6
75977,6
75978,6
75979,6
75980,6
75981,6
75982,6
75983,6
75984,6
75985,6
75986,6
75987,6
75988,6
75989,6
75990,6
75991,6
75992,6
75993,6
75994,6
75995,6
75996,6
75997,6
75998,6
75999,6
76000,6
76001,6
76002,6
76003,6
76004,6
76005,6
76006,6
76007,6
76008,6
76009,6
76010,6
76011,6
76012,6
76013,6
76014,6
76015,6
76016,6
76017,6
76018,6
76019,6
76020,6
76021,6
76022,6
76023,6
76024,6
76025,6
76026,6
76027,6
76028,6
76029,6
76030,6
76031,6
76032,6
76033,6
76034,6
76035,6
76036,6
76037,6
76038,6
76039,6
76040,6
76041,6
76042,6
76043,6
76044,6
76045,6
76046,6
76047,6
76048,6
76049,6
76050,6
76051,6
76052,6
76053,6
76054,6
76055,6
76056,6
76057,6
76058,6
76059,6
76060,6
76061,6
76062,6
76064,6
76065,6
76066,6
76067,6
76068,6
76069,6
76070,6
76071,6
76072,6
76073,6
76074,6
76075,6
76076,6
76077,6
76078,6
76079,6
76080,6
76081,6
76082,6
76083,6
76084,6
76085,6
76086,6
76087,6
76088,6
76089,6
76090,6
76091,6
76092,6
76093,6
76094,6
76095,6
76096,6
76097,6
76098,6
76099,6
76100,6
76101,6
76102,6
76103,6
76104,6
76105,6
76106,6
76107,6
76108,6
76109,6
76110,6
76111,6
76112,6
76113,6
76114,6
76115,6
76116,6
76117,6
76118,6
76119,6
76120,6
76121,6
76122,6
76123,6
76124,6
76125,6
76126,6
76127,6
76128,6
76129,6
76130,6
76131,6
76132,6
76133,6
76134,6
76135,6
76136,6
76137,6
76138,6
76139,6
76140,6
76141,6
76142,6
76143,6
76144,6
76145,6
76146,6
76147,6
76148,6
76149,6
76150,6
76151,6
76152,6
76153,6
76154,6
76155,6
76156,6
76157,6
76158,6
76159,6
76160,6
76161,6
76162,6
76163,6
76164,6
76165,6
76166,6
76167,6
76168,6
76169,6
76170,6
76171,6
76172,6
76173,6
76174,6
76175,6
76176,6
76177,6
76178,6
76179,6
76180,6
76181,6
76182,6
76183,6
76184,6
76185,6
76186,6
76187,6
76188,6
76189,6
76190,6
76191,6
76192,6
76193,6
76194,6
76195,6
76196,6
76197,6
76198,6
76199,6
76200,6
76201,6
76202,6
76203,6
76204,6
76205,6
76206,6
76207,6
76208,6
76209,6
76210,6
76211,6
76212,6
76213,6
76214,6
76215,6
76216,6
76217,6
76218,6
76219,6
76220,6
76221,6
76222,6
76223,6
76224,6
76225,6
76226,6
76227,6
76228,6
76229,6
76230,6
76231,6
76232,6
76233,6
76234,6
76235,6
76236,6
76237,6
76238,6
76239,6
76240,6
76241,6
76242,6
76243,6
76244,6
76245,6
76246,6
76247,6
76248,6
76249,6
76250,6
76251,6
76252,6
76253,6
76254,6
76255,6
76256,6
76257,6
76258,6
76259,6
76260,6
76261,6
76262,6
76263,6
76264,6
76265,6
76266,6
76267,6
76268,6
76269,6
76270,6
76271,6
76272,6
76273,6
76274,6
76275,6
76276,6
76277,6
76278,6
76279,6
76280,6
76281,6
76282,6
76283,6
76284,6
76285,6
76286,6
76287,6
76288,6
76289,6
76290,6
76291,6
76292,6
76293,6
76294,6
76295,6
76296,6
76297,6
76298,6
76299,6
76300,6
76301,6
76302,6
76303,6
76304,6
76305,6
76306,6
76307,6
76308,6
76309,6
76310,6
76311,6
76312,6
76313,6
76314,6
76315,6
76316,6
76317,6
76318,6
76319,6
76320,6
76321,6
76322,6
76323,6
76324,6
76325,6
76326,6
76327,6
76328,6
76329,6
76330,6
76331,6
76332,6
76333,6
76334,6
76335,6
76336,6
76338,6
76339,6
76340,6
76341,6
76342,6
76343,6
76344,6
76345,6
76346,6
76347,6
76348,6
76349,6
76350,6
76351,6
76352,6
76353,6
76354,6
76355,6
76356,6
76357,6
76358,6
76359,6
76360,6
76361,6
76362,6
76363,6
76364,6
76365,6
76366,6
76367,6
76368,6
76369,6
76370,6
76371,6
76372,6
76373,6
76374,6
76375,6
76376,6
76377,6
76378,6
76379,6
76380,6
76381,6
76382,6
76383,6
76384,6
76385,6
76386,6
76387,6
76388,6
76389,6
76390,6
76391,6
76392,6
76393,6
76394,6
76395,6
76396,6
76397,6
76398,6
76399,6
76400,6
76401,6
76402,6
76403,6
76404,6
76405,6
76406,6
76407,6
76408,6
76409,6
76410,6
76411,6
76412,6
76413,6
76414,6
76415,6
76416,6
76417,6
76418,6
76419,6
76420,6
76421,6
76422,6
76423,6
76424,6
76425,6
76426,6
76427,6
76428,6
76429,6
76430,6
76431,6
76432,6
76433,6
76434,6
76435,6
76436,6
76437,6
76438,6
76439,6
76440,6
76441,6
76442,6
76443,6
76444,6
76445,6
76446,6
76447,6
76448,6
76449,6
76450,6
76451,6
76452,6
76453,6
76454,6
76455,6
76456,6
76457,6
76458,6
76459,6
76460,6
76461,6
76462,6
76463,6
76464,6
76465,6
76466,6
76467,6
76468,6
76469,6
76470,6
76471,6
76472,6
76473,6
76474,6
76475,6
76476,6
76477,6
76478,6
76479,6
76480,6
76481,6
76482,6
76483,6
76484,6
76485,6
76486,6
76487,6
76488,6
76489,6
76490,6
76491,6
76492,6
76493,6
76494,6
76495,6
76496,6
76497,6
76498,6
76499,6
76500,6
76501,6
76502,6
76503,6
76504,6
76505,6
76506,6
76507,6
76508,6
76509,6
76510,6
76511,6
76512,6
76513,6
76514,6
76515,6
76516,6
76517,6
76518,6
76519,6
76520,6
76521,6
76522,6
76523,6
76524,6
76525,6
76526,6
76527,6
76528,6
76529,6
76530,6
76531,6
76532,6
76533,6
76534,6
76535,6
76536,6
76537,6
76538,6
76539,6
76540,6
76541,6
76542,6
76543,6
76544,6
76545,6
76546,6
76547,6
76548,6
76549,6
76550,6
76551,6
76552,6
76553,6
76554,6
76555,6
76556,6
76557,6
76558,6
76559,6
76560,6
76561,6
76562,6
76563,6
76564,6
76565,6
76566,6
76567,6
76568,6
76569,6
76570,6
76571,6
76572,6
76573,6
76574,6
76575,6
76576,6
76577,6
76578,6
76579,6
76580,6
76581,6
76582,6
76583,6
76584,6
76585,6
76586,6
76587,6
76588,6
76589,6
76590,6
76591,6
76592,6
76593,6
76594,6
76595,6
76596,6
76597,6
76598,6
76599,6
76600,6
76601,6
76602,6
76603,6
76604,6
76605,6
76606,6
76607,6
76608,6
76609,6
76610,6
76611,6
76612,6
76613,6
76614,6
76615,6
76616,6
76617,6
76618,6
76619,6
76620,6
76621,6
76622,6
76623,6
76624,6
76625,6
76626,6
76627,6
76628,6
76629,6
76630,6
76631,6
76632,6
76633,6
76634,6
76635,6
76636,6
76637,6
76638,6
76639,6
76640,6
76641,6
76642,6
76643,6
76644,6
76645,6
76646,6
76647,6
76648,6
76649,6
76650,6
76651,6
76652,6
76653,6
76654,6
76655,6
76656,6
76657,6
76658,6
76659,6
76660,6
76661,6
76662,6
76663,6
76664,6
76665,6
76666,6
76667,6
76668,6
76669,6
76670,6
76671,6
76672,6
76673,6
76674,6
76675,6
76676,6
76677,6
76678,6
76680,6
76681,6
76682,6
76683,6
76684,6
76685,6
76686,6
76687,6
76688,6
76689,6
76690,6
76691,6
76692,6
76693,6
76694,6
76695,6
76696,6
76697,6
76698,6
76699,6
76700,6
76701,6
76702,6
76703,6
76704,6
76705,6
76706,6
76707,6
76708,6
76709,6
76710,6
76711,6
76712,6
76713,6
76714,6
76715,6
76716,6
76717,6
76718,6
76719,6
76720,6
76721,6
76722,6
76723,6
76724,6
76725,6
76726,6
76727,6
76728,6
76729,6
76730,6
76731,6
76732,6
76733,6
76734,6
76735,6
76736,6
76737,6
76738,6
76739,6
76740,6
76741,6
76742,6
76743,6
76744,6
76745,6
76746,6
76747,6
76748,6
76749,6
76750,6
76751,6
76752,6
76753,6
76754,6
76755,6
76756,6
76757,6
76758,6
76759,6
76760,6
76761,6
76762,6
76763,6
76764,6
76765,6
76766,6
76767,6
76768,6
76769,6
76771,6
76772,6
76773,6
76774,6
76775,6
76776,6
76777,6
76778,6
76779,6
76780,6
76781,6
76782,6
76783,6
76784,6
76785,6
76786,6
76787,6
76788,6
76789,6
76790,6
76791,6
76792,6
76793,6
76794,6
76795,6
76796,6
76797,6
76798,6
76799,6
76800,6
76801,6
76802,6
76803,6
76804,6
76805,6
76806,6
76807,6
76808,6
76809,6
76810,6
76811,6
76812,6
76813,6
76814,6
76815,6
76816,6
76817,6
76818,6
76819,6
76820,6
76821,6
76822,6
76823,6
76824,6
76825,6
76826,6
76827,6
76828,6
76829,6
76830,6
76831,6
76832,6
76833,6
76834,6
76835,6
76836,6
76837,6
76838,6
76839,6
76840,6
76841,6
76842,6
76843,6
76844,6
76845,6
76846,6
76847,6
76848,6
76849,6
76850,6
76851,6
76852,6
76853,6
76854,6
76855,6
76856,6
76857,6
76858,6
76859,6
76860,6
76861,6
76862,6
76863,6
76864,6
76865,6
76866,6
76867,6
76868,6
76869,6
76870,6
76871,6
76872,6
76873,6
76874,6
76875,6
76876,6
76877,6
76878,6
76879,6
76880,6
76881,6
76882,6
76883,6
76884,6
76885,6
76886,6
76887,6
76888,6
76889,6
76890,6
76891,6
76893,6
76894,6
76895,6
76896,6
76897,6
76898,6
76899,6
76900,6
76901,6
76902,6
76903,6
76904,6
76905,6
76906,6
76907,6
76908,6
76909,6
76910,6
76911,6
76912,6
76913,6
76914,6
76915,6
76916,6
76917,6
76918,6
76919,6
76920,6
76921,6
76922,6
76923,6
76924,6
76925,6
76926,6
76927,6
76928,6
76929,6
76930,6
76931,6
76932,6
76933,6
76934,6
76935,6
76936,6
76937,6
76938,6
76939,6
76940,6
76941,6
76942,6
76943,6
76944,6
76945,6
76946,6
76947,6
76948,6
76949,6
76950,6
76951,6
76952,6
76953,6
76954,6
76955,6
76956,6
76957,6
76958,6
76959,6
76960,6
76961,6
76962,6
76963,6
76964,6
76965,6
76966,6
76967,6
76968,6
76969,6
76970,6
76971,6
76972,6
76973,6
76974,6
76975,6
76976,6
76977,6
76978,6
76979,6
76980,6
76981,6
76982,6
76983,6
76984,6
76985,6
76986,6
76987,6
76988,6
76989,6
76990,6
76991,6
76992,6
76993,6
76994,6
76995,6
76996,6
76997,6
76998,6
76999,6
77000,6
77001,6
77002,6
77003,6
77004,6
77005,6
77006,6
77007,6
77008,6
77009,6
77010,6
77011,6
77012,6
77013,6
77014,6
77015,6
77016,6
77017,6
77018,6
77019,6
77020,6
77021,6
77023,6
77024,6
77025,6
77026,6
77027,6
77028,6
77029,6
77030,6
77031,6
77032,6
77033,6
77035,6
77036,6
77037,6
77038,6
77039,6
77040,6
77041,6
77042,6
77043,6
77044,6
77045,6
77046,6
77047,6
770559,6
770560,6
79844,6
79845,6
79846,6
79847,6
79848,6
79849,6
79850,6
79851,6
79852,6
79853,6
79854,6
79855,6
79856,6
79857,6
79858,6
79859,6
79860,6
79861,6
79862,6
79863,6
79864,6
79865,6
79866,6
79867,6
79868,6
79869,6
79871,6
79872,6
79873,6
79874,6
79875,6
79876,6
79877,6
79878,6
79879,6
79880,6
79881,6
79882,6
79883,6
79884,6
79885,6
79886,6
79887,6
79888,6
79889,6
79890,6
79891,6
79892,6
79893,6
79894,6
79895,6
79896,6
79897,6
79898,6
79899,6
79900,6
79901,6
79902,6
79903,6
79904,6
79905,6
79906,6
79907,6
79908,6
79909,6
79910,6
79911,6
79912,6
79913,6
79914,6
79915,6
79916,6
79917,6
79918,6
79919,6
79920,6
79921,6
79922,6
79923,6
79924,6
79925,6
79926,6
79927,6
79928,6
79929,6
79930,6
79931,6
79932,6
79933,6
79934,6
79935,6
79936,6
79937,6
79938,6
79939,6
79940,6
79941,6
79942,6
79943,6
79944,6
79945,6
79946,6
79947,6
79948,6
79949,6
79950,6
79951,6
79952,6
79953,6
79954,6
79955,6
79956,6
79957,6
79958,6
79959,6
79960,6
79961,6
79962,6
79963,6
79964,6
79965,6
79966,6
79967,6
79968,6
79969,6
79970,6
79971,6
79972,6
79973,6
79974,6
79975,6
79976,6
79977,6
79978,6
79979,6
79980,6
79981,6
79982,6
79983,6
79984,6
79985,6
79986,6
79987,6
79988,6
79989,6
79990,6
79991,6
79992,6
79993,6
79994,6
79995,6
79996,6
79997,6
79998,6
79999,6
